step,wall_time,Episode_Reward/action_rate,Episode_Reward/action_rate_arm,Episode_Reward/alive,Episode_Reward/ang_vel_xy,Episode_Reward/arm_torque_margin,Episode_Reward/base_height,Episode_Reward/collision,Episode_Reward/dof_acc,Episode_Reward/dof_acc_arm,Episode_Reward/dof_pos_limits,Episode_Reward/dof_vel,Episode_Reward/dof_vel_arm,Episode_Reward/feet_air_time,Episode_Reward/feet_contact_forces,Episode_Reward/feet_contact_number,Episode_Reward/feet_drag,Episode_Reward/feet_height,Episode_Reward/feet_height_high,Episode_Reward/feet_pos_xy,Episode_Reward/fixture_force_tracking,Episode_Reward/fixture_lost,Episode_Reward/fixture_seat,Episode_Reward/hip_pos,Episode_Reward/lin_vel_z,Episode_Reward/ref_dof_leg,Episode_Reward/stand_still,Episode_Reward/torque_limits,Episode_Reward/torques,Episode_Reward/tracking_ang_vel,Episode_Reward/tracking_ee_force_world,Episode_Reward/tracking_ee_orn_roll,Episode_Reward/tracking_lin_vel_force_world,Fixture/force_ceiling_n,Fixture/lost_backed_off_fraction,Fixture/lost_fraction,Fixture/lost_lifted_off_fraction,Fixture/lost_slid_off_fraction,Fixture/mean_error_n,Fixture/press_lost_fraction,Fixture/press_slip_radius_m,Fixture/relative_force_error,Fixture/relative_force_error_ema,Loss/base_velocity,Loss/effective_lr,Loss/entropy,Loss/estimator,Loss/force_base,Loss/force_ee,Loss/gripper_pos,Loss/kl,Loss/kl_above_upper,Loss/kl_below_lower,Loss/kl_first_minibatch,Loss/learning_rate,Loss/surrogate,Loss/value,Perf/collection_time,Perf/learning_time,Perf/total_fps,Policy/mean_std,Train/mean_episode_length,Train/mean_reward
14050,1790243530.054,-0.02050629,-0.0277553,0.03599999,-0.001639218,0,-5.770649e-05,0,-0.007564051,-0.0001408853,0,-0.005012208,-5.023669e-05,0,-0.0001672856,0.0272,-0.001476537,0,0,-0.0007438309,0,0,0,-0.001027713,-0.001446,0.01935246,0.01077231,-0.0002171568,-0.0001968443,0.01382471,0.03911462,0.02065622,0.0432222,30,0,0,0,0,,0,0.14,,,0.000596061,1.156102e-05,31.77883,0.0006755511,1.39378e-09,3.307129e-05,4.641738e-05,0.03769065,0.55,0.05,0,1.156102e-05,0.009687329,0.1037974,1.281474,1.500352,35337,1.450033,14.57,1.723272
14051,1790243532.676,-0.03890149,-0.05184884,0.07199996,-0.003250086,0,-8.741995e-05,0,-0.01281544,-0.0003389418,-0.0003353344,-0.008701417,-0.0001000593,0,-0.0002579334,0.05911251,-0.002305263,0,0,-0.001553875,0,0,0,-0.002153307,-0.002362169,0.0399506,0.02188719,-0.0003716912,-0.0003179808,0.02675967,0.07413717,0.0358879,0.08776368,30,0,0,0,0,,0,0.14,,,0.0009365947,1e-05,31.77103,0.001035472,3.34656e-10,3.597926e-05,6.289763e-05,0.01063378,0.2,0.15,0,1e-05,-0.004248871,0.03999446,1.102489,1.509876,37630,1.449461,35.86,4.257326
14052,1790243535.363,-0.0620106,-0.07738196,0.1079999,-0.005510648,0,-0.0001112269,0,-0.02477236,-0.0005529859,-0.0008132273,-0.01628321,-0.0001492248,0,-0.00054561,0.083225,-0.003079082,0,0,-0.002275568,0,0,0,-0.004662625,-0.00292008,0.05962534,0.03275274,-0.0006262871,-0.0005120258,0.04092463,0.1095992,0.06098916,0.1250548,30,0,0,0,0,,0,0.14,,,0.001047259,1.5e-05,31.76294,0.001156529,4.247258e-11,4.363346e-05,6.56361e-05,0.00880935,0.05,0.15,0,1.5e-05,-0.007272913,0.06193583,1.122148,1.555986,36706,1.44875,60.84,7.016498
14053,1790243538.108,-0.07670801,-0.1035822,0.1439999,-0.006486518,0,-9.989132e-05,0,-0.02979779,-0.0008041169,-0.002441174,-0.02042159,-0.0001965536,-0.001395556,-0.000538289,0.124111,-0.004269368,-0.0008914949,-0.0001293006,-0.003673945,0,0,0,-0.00539608,-0.003684317,0.07809179,0.03379022,-0.0008967369,-0.0007657168,0.05645385,0.1336802,0.07236925,0.168111,30,0,0,0,0,,0,0.14,,,0.001122741,3.375e-05,31.75181,0.001257474,5.938459e-12,6.746858e-05,6.726435e-05,0.008226668,0,0.15,0,3.375e-05,-0.009876896,0.1316387,1.171351,1.562937,35952,1.447729,87.92,9.915626
14054,1790243540.875,-0.09929042,-0.1328343,0.1799999,-0.007935463,-0.003036877,-0.000170643,0,-0.03652572,-0.00107675,-0.00367781,-0.02496126,-0.000241822,-0.001331429,-0.0005513898,0.1498356,-0.004892468,-0.0009032578,-1.876748e-05,-0.004484223,0.002112628,-0.02857143,-0.0005759146,-0.007076295,-0.004676602,0.09798142,0.04663118,-0.0009853353,-0.0008991684,0.06982021,0.1602952,0.07728247,0.2113787,30,0,0.3333333,0.3333333,0,,0,0.14,,,0.001156186,7.59375e-05,31.74,0.001353468,1.148772e-12,0.0001262879,7.099482e-05,0.009643849,0,0.15,0,7.59375e-05,-0.012135,0.6064343,1.203686,1.553299,35656,1.447118,113.7,12.10005
14055,1790243543.666,-0.1197674,-0.1583334,0.2145,-0.01078971,-0.009271804,-0.0001398,0,-0.04305118,-0.00120965,-0.002844855,-0.02876223,-0.0002910632,-0.00060625,-0.0006649345,0.1794405,-0.006265187,-0.0003612963,-1.390278e-05,-0.005300973,0.01244147,-0.08750001,-0.001940434,-0.009054272,-0.005442877,0.1163669,0.06050362,-0.001202271,-0.001101604,0.08004244,0.1891067,0.0989242,0.2511467,30,0.6,0.9333334,0.3333333,0,,0,0.14,,,0.001155036,0.0001139063,31.74429,0.001658694,7.433963e-13,0.0004291521,7.450602e-05,0.009582381,0,0.1,0,0.0001139063,-0.01559779,1.876612,1.220116,1.560703,35350,1.448395,141.14,13.82875
14056,1790243546.463,-0.1384533,-0.1812429,0.2520002,-0.01198508,-0.0320397,-0.000194254,0,-0.05044334,-0.001495796,-0.002997963,-0.03378531,-0.0003382526,0,-0.0009177862,0.2025873,-0.007292511,0,0,-0.006071441,0.02405703,-0.075,-0.004837652,-0.00986884,-0.00667752,0.1376052,0.07600117,-0.001458263,-0.001264194,0.09342034,0.215525,0.1203347,0.298386,30,0.1333334,0.8000001,0.5333334,0.1333334,3.544291,0.5735661,0.14,0.6610798,0.6318747,0.001142454,5.0625e-05,31.7712,0.001946678,6.787269e-13,0.0007210835,8.314055e-05,0.01408224,0.15,0.1,0,5.0625e-05,-0.01415,1.857838,1.219187,1.559945,35372,1.45052,165.36,16.35278
14057,1790243549.275,-0.156727,-0.2102184,0.2880004,-0.01427106,-0.02442925,-0.000238404,0,-0.05740451,-0.001719956,-0.003285367,-0.03844998,-0.0003867051,-0.0009850002,-0.000927245,0.2379528,-0.008153381,-0.0005182773,-4.439615e-05,-0.007072297,0.02418851,-0.075,-0.004933761,-0.01197752,-0.007288999,0.1570979,0.0814976,-0.001604032,-0.001432984,0.1064419,0.2495804,0.1232086,0.3363032,30,0.2666667,0.8000001,0.4,0.1333334,1.468605,0.5735661,0.14,0.192281,0.5772775,0.001079803,7.59375e-05,31.78855,0.002068446,5.930554e-13,0.000907295,8.1349e-05,0.007997808,0,0.1,0,7.59375e-05,-0.01364925,1.59455,1.221284,1.578929,35105,1.451374,187.4,18.77728
14058,1790243552.084,-0.1777207,-0.2355352,0.3231757,-0.01657134,-0.03052234,-0.0002443234,-0.00025,-0.06786304,-0.001899191,-0.00503111,-0.04543395,-0.0004346425,-0.0006130001,-0.0009955794,0.2647922,-0.009168985,-0.0005376079,0,-0.008291892,0.02579228,-0.09500001,-0.006771963,-0.01339111,-0.008972763,0.175042,0.09228303,-0.001876269,-0.001679118,0.1222972,0.264027,0.1519315,0.3752666,30,0.4210526,1,0.4210526,0.1578947,2.083179,0.9507389,0.14,0.2357642,0.5243827,0.001058811,0.0001139063,31.80194,0.002171971,5.595589e-13,0.001024096,8.906388e-05,0.0103363,0,0.1,0,0.0001139063,-0.01586897,1.374839,1.231176,1.565236,35153,1.452641,208.1,20.69421
14059,1790243554.898,-0.192913,-0.2546159,0.3459383,-0.01580734,-0.1017835,-0.0002695697,-0.00125,-0.07257289,-0.001952944,-0.007822657,-0.04844518,-0.0004631723,0,-0.00106866,0.2779496,-0.01003901,0,0,-0.008809846,0.06011447,-0.08750001,-0.02243224,-0.01387145,-0.008303422,0.1880096,0.1040777,-0.001958424,-0.001713947,0.131315,0.3273985,0.1520641,0.3954248,30,0,0.875,0.375,0.5,3.695154,0.9507389,0.14,0.4644265,0.5011762,0.001046758,0.0001139063,31.81437,0.002073703,5.679222e-13,0.0009396668,8.727844e-05,0.01286662,0.05,0.1,0,0.0001139063,-0.01306391,0.4209485,1.248813,1.553482,35079,1.452989,208.36,20.86513
14060,1790243557.728,-0.144197,-0.1935551,0.2602503,-0.01121649,-0.05763079,-0.0001786035,0,-0.05347233,-0.001569927,-0.00370755,-0.03542242,-0.0003461925,0,-0.0009048476,0.2098498,-0.008015154,0,0,-0.006349194,0.04443499,-0.08333334,-0.003905626,-0.008937772,-0.006242516,0.143126,0.07877143,-0.001452483,-0.001243172,0.09940182,0.2232853,0.1214558,0.307685,30,0.6666667,0.8333334,0.1666667,0,5.401381,0.9507389,0.14,0.284828,0.4757926,0.001076387,5.0625e-05,31.81689,0.002041754,6.283797e-13,0.0008713008,9.406563e-05,0.01446041,0.15,0.1,0,5.0625e-05,-0.0141583,0.5573864,1.264672,1.554542,34869,1.453173,196.58,19.53439
14061,1790243560.567,-0.172577,-0.2280114,0.3100718,-0.01571884,-0.06327342,-0.0002891535,0,-0.06652759,-0.001846378,-0.004765805,-0.04613518,-0.000411704,-0.003028571,-0.0009439737,0.2691283,-0.00903183,-0.001601786,-0.001321433,-0.008001667,0.04970994,-0.07142858,-0.01348711,-0.01427616,-0.008103831,0.1670635,0.07467738,-0.001955947,-0.001714109,0.1148855,0.2688783,0.1369996,0.3622188,30,0.6666667,0.8333334,0,0.1666667,1.613835,0.965,0.14,0.2741216,0.4561728,0.001062184,0.0001139063,31.82159,0.002032462,6.170613e-13,0.0008760137,9.426419e-05,0.01007799,0,0.15,0,0.0001139063,-0.01407702,0.5701378,1.282978,1.54375,34776,1.453668,210.96,20.91312
14062,1790243563.440,-0.1914099,-0.2430454,0.341667,-0.01574111,-0.1224165,-0.0002573281,-0.001111111,-0.07460429,-0.002004616,-0.006621902,-0.05011245,-0.0004527809,-0.002093334,-0.001105008,0.2912497,-0.01012683,-0.001278023,-0.0006635489,-0.009225282,0.07334486,-0.07777779,-0.03813197,-0.0144273,-0.009047417,0.1838528,0.08680145,-0.002048342,-0.001803271,0.1286813,0.3142512,0.1465997,0.3998649,30,0.25,0.875,0.375,0.25,4.150518,0.965,0.14,0.410289,0.4876085,0.001083086,0.0001139063,31.82762,0.002091212,6.233136e-13,0.0009145035,9.362208e-05,0.01349353,0.05,0.1,0,0.0001139063,-0.014261,0.5388588,1.314286,1.545295,34377,1.453925,212.87,20.81903
14063,1790243566.314,-0.1753687,-0.2274514,0.310393,-0.01498538,-0.08513932,-0.0002903481,-0.0003571429,-0.06679343,-0.001837432,-0.008455552,-0.04440533,-0.000413175,-0.001781429,-0.001085276,0.2576248,-0.009291485,-0.0009457771,-0.00030931,-0.008269957,0.05232004,-0.07857143,-0.01137337,-0.01421018,-0.008259345,0.1673222,0.08255254,-0.001917456,-0.001657289,0.1129194,0.2662964,0.1375471,0.362651,30,0.3076923,0.8461539,0.3076923,0.2307692,4.453584,0.965,0.14,0.701418,0.4678293,0.001084123,0.0001139063,31.83034,0.002134476,6.257675e-13,0.0009364808,0.0001138725,0.01419807,0.05,0.1,0,0.0001139063,-0.01339081,0.6317343,1.313855,1.54817,34347,1.454208,223.3,22.24101
14064,1790243569.180,-0.2069018,-0.2608565,0.3670003,-0.01778823,-0.2039179,-0.0003472043,-0.001111111,-0.07719158,-0.002095748,-0.01501395,-0.05101105,-0.0004779277,0,-0.001401242,0.2945497,-0.01085658,0,0,-0.01019552,0.1207821,-0.06666668,-0.01969841,-0.01876127,-0.009696906,0.1962882,0.1095263,-0.002053651,-0.001801917,0.1356055,0.3226339,0.150371,0.4343432,35,0.2222222,0.6666667,0.1111111,0.3333333,3.743469,0.965,0.14,0.3870118,0.3430042,0.001078579,0.0001139063,31.83604,0.002136491,6.330804e-13,0.000925844,0.0001320684,0.0142458,0.05,0.1,0,0.0001139063,-0.01434432,0.5598024,1.309529,1.544379,34445,1.454919,237.45,23.88237
14065,1790243572.035,-0.2104962,-0.2719205,0.3715001,-0.01700253,-0.1672971,-0.000319602,-0.0004166667,-0.07635619,-0.002187002,-0.008697942,-0.04999556,-0.0004874116,0,-0.001136311,0.3005498,-0.0109234,0,0,-0.009693315,0.107882,-0.06666668,-0.009206604,-0.01638156,-0.008373521,0.2013602,0.1116232,-0.00199876,-0.001776534,0.1368611,0.3321692,0.160213,0.4413033,35,0.3333333,0.6666667,0.08333334,0.25,3.889596,0.965,0.14,0.3331307,0.4186499,0.001063633,0.0001139063,31.84727,0.002150824,6.45853e-13,0.0009588359,0.0001283547,0.01409611,0.05,0.1,0,0.0001139063,-0.01558231,0.5945736,1.297002,1.546034,34577,1.455779,243.78,24.12905
14066,1790243574.890,-0.2060434,-0.2674902,0.3664618,-0.01766771,-0.1653122,-0.0002547137,0,-0.07781567,-0.002165206,-0.005172302,-0.05068691,-0.0004794113,0,-0.001099176,0.2991652,-0.01108502,0,0,-0.009536747,0.1017426,-0.08461539,-0.03590048,-0.01651632,-0.008928015,0.1987758,0.1101456,-0.001965907,-0.001786522,0.1362477,0.3098634,0.1720062,0.4337154,35,0.3076923,0.8461539,0.3076923,0.2307692,3.904579,0.9925559,0.14,0.4240181,0.4176798,0.001043765,0.0001139063,31.85644,0.002180833,6.281211e-13,0.0009701539,0.000166914,0.01409084,0.05,0.1,0,0.0001139063,-0.01471328,0.6528046,1.29909,1.543287,34585,1.4563,258.08,25.61839
14067,1790243577.752,-0.2197735,-0.2860275,0.3902498,-0.01672372,-0.09837767,-0.0002712932,0,-0.08380866,-0.00216325,-0.01365482,-0.05638624,-0.0005205331,-0.001746667,-0.001213023,0.3262,-0.0115263,-0.001484007,-0.0004648938,-0.0106805,0.05787118,-0.06666668,-0.002903152,-0.01665705,-0.01059175,0.2091642,0.1032359,-0.002193701,-0.001992151,0.1417315,0.3360926,0.1566657,0.4547122,35,0.4,0.8000001,0.2,0.2,2.215359,0.9925559,0.14,0.3010944,0.3687137,0.00104181,0.0001139063,31.8636,0.002163969,6.71285e-13,0.0009989958,0.0001231635,0.01352183,0.05,0.1,0,0.0001139063,-0.01636788,0.6145988,1.302269,1.547414,34496,1.45684,247.29,24.51413
14068,1790243580.624,-0.2112341,-0.2796888,0.3755624,-0.01957815,-0.09143648,-0.0002246641,0,-0.08272332,-0.002162847,-0.04202054,-0.05572701,-0.0004944731,-0.003637501,-0.001121619,0.3233,-0.01075142,-0.0025618,-0.0001483597,-0.01009534,0.0774937,-0.075,-0.004842126,-0.01614295,-0.008735664,0.2023762,0.08718308,-0.00224118,-0.002009761,0.1373374,0.3342212,0.1647776,0.437152,35,0.8571429,0.8571429,0,0,8.355482,0.9925559,0.14,0.7663,0.3737805,0.001008663,0.0001708594,31.86858,0.002083307,6.356316e-13,0.0009759198,9.872498e-05,0.01301229,0,0.1,0,0.0001708594,-0.0164036,0.401866,1.322836,1.537305,34370,1.456818,277.66,27.70514
14069,1790243583.619,-0.2707239,-0.3477625,0.4772997,-0.02513848,-0.1799537,-0.0003036991,0,-0.1031648,-0.002932827,-0.009453679,-0.06724592,-0.0006246024,-0.00362,-0.001686835,0.4063001,-0.01352415,-0.002153371,-6.230338e-05,-0.01326154,0.0973203,-0.06,-0.01637612,-0.02241838,-0.01141184,0.2566567,0.1204753,-0.00269395,-0.002430158,0.1748192,0.4169047,0.2059138,0.550469,35,0.25,0.75,0,0.5,6.578726,0.9925559,0.14,0.3219512,0.3825034,0.0009932433,0.0001708594,31.86811,0.002088439,6.268737e-13,0.0009895237,0.0001056721,0.01248389,0,0.05,0,0.0001708594,-0.01598104,0.4260212,1.344988,1.638471,32949,1.456796,299.69,30.23613
14070,1790243586.500,-0.2635142,-0.3487086,0.4699495,-0.02453863,-0.1702834,-0.0002711533,0,-0.1035497,-0.00291394,-0.00980428,-0.06998023,-0.0006159289,-0.005893999,-0.001361739,0.4093053,-0.01384687,-0.002864149,-0.001869006,-0.01334702,0.1004467,-0.06,-0.01446271,-0.02205179,-0.01181276,0.2513059,0.1067899,-0.002804375,-0.00251071,0.1756182,0.430427,0.2163317,0.5502311,35,0.25,0.75,0.5,0,2.817462,0.9925559,0.14,0.324786,0.3776456,0.0009972077,0.0001708594,31.86654,0.002070943,6.264848e-13,0.0009792035,9.453211e-05,0.01384718,0,0.05,0,0.0001708594,-0.01532296,0.3840984,1.316054,1.553478,34257,1.456561,327.6,32.87403
14071,1790243589.370,-0.3120529,-0.3862284,0.5416657,-0.02790636,-0.2491722,-0.0003560762,-0.002222223,-0.1205947,-0.00343447,-0.00900838,-0.08212765,-0.0007008183,-0.009013334,-0.001604357,0.4846117,-0.01563515,-0.00494623,-0.001545899,-0.01657179,0.1572052,-0.05555556,-0.02867841,-0.02551005,-0.01260403,0.2863025,0.1090271,-0.003593809,-0.003088964,0.2011015,0.5042828,0.2545072,0.6283867,35,0.1428572,0.7142857,0.4285715,0.1428572,2.245921,0.9925559,0.14,0.3183846,0.3855083,0.00100603,0.0001708594,31.86156,0.002084312,6.442445e-13,0.0009803063,9.797535e-05,0.01409099,0,0.05,0,0.0001708594,-0.01503655,0.3346057,1.312821,1.545721,34389,1.455998,324.43,32.30995
14072,1790243592.235,-0.2101124,-0.2839259,0.3760001,-0.01709409,-0.1555021,-0.0002363177,0,-0.07491463,-0.002240367,-0.003663382,-0.04979741,-0.0004921886,0,-0.00110161,0.306875,-0.01118474,0,0,-0.009787772,0.1073441,-0.08333334,-0.004546023,-0.0160921,-0.01078516,0.2025649,0.1126278,-0.002141197,-0.001863999,0.1417312,0.3151189,0.1772451,0.4412263,35,0.3333333,0.8333334,0.3333333,0.1666667,3.212889,0.9975001,0.14,0.3236121,0.3612564,0.00101991,0.0001139063,31.85391,0.00207875,6.685346e-13,0.0009572802,0.0001015598,0.01450425,0.05,0.05,0,0.0001139063,-0.01426969,0.3322016,1.319459,1.535422,34433,1.455501,355.34,35.71473
14073,1790243595.104,-0.3532192,-0.4465231,0.6179995,-0.03535094,-0.3376708,-0.0004310775,0,-0.1396549,-0.00366254,-0.01098286,-0.09410619,-0.0008025955,-0.007912002,-0.00160178,0.5452813,-0.01747372,-0.004841468,-0.002088913,-0.01767256,0.1988544,-0.04,-0.001728069,-0.02636552,-0.01377498,0.3290799,0.1332334,-0.003798283,-0.00333951,0.2212949,0.5951716,0.2837103,0.7113042,35,0,0.5,0.5,0,1.343099,0.9975001,0.14,0.2796012,0.3556834,0.001013328,0.0001139063,31.84718,0.002088268,6.357829e-13,0.0009483018,0.0001266379,0.01331525,0.05,0.1,0,0.0001139063,-0.01521306,0.370955,1.307808,1.548979,34410,1.455074,335.99,33.25586
14074,1790243597.962,-0.2266558,-0.2983963,0.3997502,-0.01991904,-0.04201284,-0.0002559339,0,-0.09168726,-0.002518114,-0.008802107,-0.06249973,-0.0005329225,-0.008656002,-0.001318541,0.3652355,-0.0115733,-0.005383976,-0.001206654,-0.01145098,0.02862114,-0.08000001,-0.006780515,-0.01910977,-0.01053196,0.213155,0.06586078,-0.002517163,-0.002248453,0.1411287,0.3585823,0.1754732,0.4490682,35,0.125,1,0.625,0.25,6.123584,0.9975001,0.14,0.4270678,0.3131115,0.001003789,0.0001708594,31.84121,0.002074661,6.200899e-13,0.0009683262,0.0001025457,0.01305779,0,0.1,0,0.0001708594,-0.01498061,0.3283417,1.316825,1.530494,34525,1.454466,352.62,35.24096
14075,1790243600.845,-0.3718952,-0.4988966,0.6472508,-0.03707862,-0.08862427,-0.0003566955,0,-0.1563329,-0.004072201,-0.007912027,-0.1053935,-0.0008565475,-0.01837,-0.002119754,0.6199018,-0.01796357,-0.01032388,-0.004004007,-0.01763306,0.04330334,-0.05,-0.0278649,-0.03181467,-0.01428209,0.3472852,0.08259951,-0.004270921,-0.003795002,0.2337922,0.5777187,0.3067928,0.7528715,35,0,1,0,1,7.792763,0.9975001,0.14,0.59364,0.3453057,0.001002827,0.0001139063,31.83342,0.002077368,6.346315e-13,0.0009755454,9.899552e-05,0.01594811,0.1,0.1,0,0.0001139063,-0.0164436,0.3807444,1.333256,1.530854,34322,1.454167,376.1,38.14521
14076,1790243603.751,-0.388746,-0.4862166,0.6788582,-0.03711043,-0.2902358,-0.0005080199,-0.003571429,-0.1515672,-0.004149861,-0.02546743,-0.1028165,-0.0008722299,-0.01066572,-0.00203606,0.613759,-0.01967973,-0.006382513,-0.0004899552,-0.02057821,0.1890026,-0.04285715,-0.003211585,-0.03069505,-0.01559436,0.3590227,0.1352116,-0.004208326,-0.003695072,0.2472614,0.6288694,0.3202578,0.78988,35,0.4,0.6,0,0.2,5.875103,0.9975001,0.14,0.2787794,0.3497238,0.001003987,0.0001139063,31.83156,0.002092848,6.144013e-13,0.0009918136,9.70472e-05,0.01347225,0.05,0.1,0,0.0001139063,-0.01525333,0.4326086,1.367093,1.52738,33962,1.454199,355.87,36.2179
14077,1790243606.741,-0.4704855,-0.5991384,0.831752,-0.04621708,-0.2590287,-0.0005832,0,-0.1841477,-0.004982268,-0.01122453,-0.1232393,-0.001081157,-0.013985,-0.002559545,0.7404529,-0.02495255,-0.006489835,-0.004366185,-0.02443967,0.1505806,-0.025,-0.0002339766,-0.04040918,-0.01936954,0.4406765,0.1725674,-0.005307779,-0.004605247,0.3114622,0.77688,0.3615925,0.9440289,35,0,0.5,0.5,0,3.416568,0.9975001,0.14,0.3294636,0.3105336,0.001023009,0.0001708594,31.83189,0.002116151,6.152433e-13,0.0009853489,0.0001077933,0.01340916,0,0.1,0,0.0001708594,-0.01528583,0.3501784,1.347366,1.62406,33083,1.454052,369,37.04221
14078,1790243609.638,-0.3262185,-0.4128692,0.5740515,-0.03096177,-0.3268194,-0.0005073703,-0.0025,-0.1237809,-0.003450415,-0.0104834,-0.08075481,-0.0007306898,-0.00126,-0.001481907,0.4797263,-0.01747618,-0.0007275917,-0.0005693891,-0.01647928,0.2278068,-0.07000001,-0.06934159,-0.02560405,-0.01376504,0.3042106,0.1619207,-0.003403771,-0.002969292,0.2069704,0.5265278,0.2684099,0.6804013,35,0.3333333,0.7777779,0.3333333,0.1111111,3.394203,0.9975001,0.14,0.2815725,0.3018621,0.001021269,0.0001139063,31.82708,0.002120932,6.002819e-13,0.0009952026,0.0001044604,0.01482225,0.1,0.1,0,0.0001139063,-0.01580034,0.3513781,1.354646,1.530659,34070,1.453535,394.15,39.98006
14079,1790243612.529,-0.4643265,-0.6016101,0.8186268,-0.04287257,-0.494513,-0.0005873094,0,-0.1882678,-0.005067062,-0.004786867,-0.1233657,-0.001056773,-0.007685,-0.002321788,0.6984153,-0.02300464,-0.005057017,-0.0007045045,-0.02236863,0.4105625,-0.05,-0.03470667,-0.0344147,-0.02071087,0.4410638,0.1926558,-0.004797719,-0.004410665,0.3058318,0.7898358,0.3675537,0.9641182,35,0,0.6666667,0.3333333,0.3333333,1.588628,0.9975001,0.14,0.3718763,0.3419087,0.0009920317,0.0001708594,31.81853,0.002087327,5.949634e-13,0.0009951591,0.000100136,0.01351035,0,0.1,0,0.0001708594,-0.01651707,0.3100028,1.349335,1.52953,34146,1.452473,461.3,46.76422
14080,1790243615.590,-0.5095446,-0.6470221,0.8899323,-0.04850776,-0.5216281,-0.0005578999,-0.08499996,-0.2029748,-0.005691266,-0.01602177,-0.1361639,-0.001113723,-0.01430286,-0.002618195,0.7879397,-0.02576577,-0.007418053,-0.002660823,-0.0265829,0.3265668,-0.02857143,-0.001686097,-0.04150548,-0.01978273,0.4712364,0.1861974,-0.005607913,-0.004860057,0.3226348,0.8279471,0.3920073,1.018042,35,0,0.4,0.2,0.2,2.018083,0.9975001,0.14,0.3075578,0.3191361,0.0009872824,0.0001139063,31.80433,0.00208386,5.935018e-13,0.0009965809,9.999626e-05,0.01542367,0.1,0.1,0,0.0001139063,-0.01475206,0.2951365,1.404447,1.644747,32239,1.451483,444.55,44.09871
14081,1790243618.614,-0.3333007,-0.4334187,0.5857522,-0.03179249,-0.256781,-0.0004643907,-0.03083332,-0.1308215,-0.003593661,-0.01628351,-0.08874609,-0.0007460708,-0.006476668,-0.001685112,0.5078933,-0.01783186,-0.003456942,-0.002256301,-0.01741663,0.1504783,-0.06666668,-0.01180543,-0.02863979,-0.01540424,0.3089886,0.1359194,-0.003929199,-0.003336083,0.2151366,0.5387533,0.2635816,0.6661255,35,0.4,0.8000001,0.2,0.2,0.6058446,0.9975001,0.14,0.3212479,0.3096932,0.001010978,0.0001139063,31.7937,0.002101838,5.856019e-13,0.0009896804,0.0001011798,0.01401347,0.05,0.1,0,0.0001139063,-0.0142517,0.3019563,1.35875,1.654178,32627,1.45075,460.56,46.79771
14082,1790243621.631,-0.4521227,-0.5477018,0.7800038,-0.04449443,-0.7470022,-0.000594237,0,-0.1671764,-0.004892176,-0.006046244,-0.1066876,-0.0009640018,0,-0.002057564,0.6548775,-0.02524821,0,0,-0.02306431,0.5181535,-0.05,-0.007964907,-0.03577635,-0.01870782,0.4110366,0.2310918,-0.004157842,-0.003873614,0.2996706,0.7774447,0.3890611,0.9166561,35,0,0.5,0.5,0,1.685061,0.9975001,0.14,0.2342349,0.3093877,0.001007359,0.0001139063,31.78441,0.002095719,8.314192e-13,0.0009817178,0.0001066423,0.01492951,0.05,0.1,0,0.0001139063,-0.0148829,0.3352349,1.355397,1.649047,32719,1.449976,447.8,45.12667
14083,1790243624.657,-0.5270314,-0.6626571,0.9156048,-0.0486632,-0.3566735,-0.0005998375,-0.004,-0.2105803,-0.005762221,-0.01427696,-0.1402576,-0.001177651,-0.016848,-0.002644678,0.8369145,-0.0277158,-0.01022844,-0.001834197,-0.02704956,0.2569451,-0.04,-0.03578578,-0.04229027,-0.02191973,0.4868706,0.1721795,-0.005945038,-0.005207458,0.3229196,0.8568926,0.4116357,1.036629,35,0,0.6666667,0.3333333,0.3333333,3.282082,0.9975001,0.14,0.3334006,0.2711417,0.000972558,0.0001139063,31.77377,0.002055977,1.158743e-12,0.0009855124,9.790658e-05,0.01389043,0.05,0.1,0,0.0001139063,-0.0141577,0.3213129,1.347762,1.658968,32694,1.449252,497.38,50.74383
14084,1790243627.570,-0.3222431,-0.4031511,0.5659313,-0.03328679,-0.222906,-0.000370371,-0.002142857,-0.1246929,-0.003285178,-0.01222781,-0.08263664,-0.000731155,-0.006157143,-0.001750799,0.5001448,-0.01733847,-0.003747851,-0.0004562492,-0.01597373,0.1816646,-0.07142858,-0.002257256,-0.02625441,-0.01421859,0.3005637,0.1311064,-0.003302354,-0.003013789,0.2010331,0.533192,0.2604074,0.6560453,35,0.6666667,0.8333334,0.1666667,0,2.625153,0.9975001,0.14,0.155954,0.2594622,0.000973409,7.59375e-05,31.76262,0.002078515,2.385305e-12,0.001003063,0.0001020439,0.01377491,0.1,0.1,0,7.59375e-05,-0.01520878,0.3028854,1.354074,1.547233,33882,1.448411,482.23,48.55049
14085,1790243630.462,-0.4356441,-0.5612131,0.7781296,-0.04299816,-0.01812453,-0.0005832387,-0.0025,-0.1830026,-0.004755824,-0.01161893,-0.1237697,-0.001026144,-0.018265,-0.002470864,0.7300547,-0.02223844,-0.009880025,-0.00210416,-0.02233532,0.01585658,-0.05,-0.004668503,-0.03512251,-0.0179787,0.4130222,0.1229947,-0.005220793,-0.004575058,0.2780347,0.6489981,0.3573414,0.8778186,35,0.5,1,0.5,0,1.311386,0.9975001,0.14,0.2411016,0.2510171,0.0009592517,0.0001708594,31.75372,0.002061943,2.912884e-10,0.001002569,0.0001001225,0.01384629,0,0.15,0,0.0001708594,-0.0148959,0.3365739,1.329946,1.551393,34117,1.447773,474.87,48.04476
14086,1790243633.350,-0.404987,-0.5015119,0.6981041,-0.03822855,-0.3128725,-0.0003949734,-0.001,-0.1612177,-0.004343816,-0.007939468,-0.1049809,-0.0008987646,-0.009696001,-0.001773504,0.6224434,-0.02095235,-0.005628544,-0.0009181756,-0.02079278,0.1919206,-0.06,-0.1207317,-0.02971603,-0.01465767,0.3692212,0.1505171,-0.004341364,-0.00385787,0.2509797,0.663279,0.3210192,0.8141774,35,0.25,0.75,0.25,0.25,2.515251,0.9975001,0.14,0.2560905,0.3022709,0.0009676159,0.0001139063,31.7467,0.002058491,5.674022e-11,0.0009916807,9.919442e-05,0.01417836,0.05,0.05,0,0.0001139063,-0.01460621,0.333882,1.328597,1.54763,34178,1.447381,519.5,52.39539
14087,1790243636.253,-0.5627034,-0.7067358,0.9922571,-0.05779032,-1.036854,-0.0005252266,-0.009166667,-0.2067776,-0.006226689,-0.02450131,-0.1326967,-0.001208565,0,-0.001901256,0.8366966,-0.03040075,0,0,-0.03098138,0.6454339,-0.03333334,-0.01623895,-0.04606267,-0.0208023,0.5211775,0.2934715,-0.005400303,-0.005023719,0.3666696,1.002515,0.4462994,1.177657,35,0.1666667,0.3333333,0.1666667,0,3.93925,0.9975001,0.14,0.2701915,0.2713906,0.0009710999,0.0001139063,31.7434,0.002061464,5.974058e-12,0.0009842102,0.000106154,0.01382813,0.05,0.1,0,0.0001139063,-0.01503972,0.3437715,1.349526,1.541511,34003,1.447243,487.33,49.67836
14088,1790243639.302,-0.4574851,-0.5642125,0.8028798,-0.050021,-0.4537994,-0.0007406214,-0.0175,-0.1881928,-0.004981824,-0.0510102,-0.1245777,-0.001007023,-0.013405,-0.002418558,0.6931784,-0.0238314,-0.008952226,-0.005827403,-0.02465051,0.3516721,-0.05,-0.02121936,-0.04165606,-0.02178541,0.4225404,0.1507418,-0.005179632,-0.004406022,0.2834905,0.7340063,0.3681447,0.9184664,35,0,0.6666667,0.3333333,0.3333333,0.9810342,0.9975001,0.14,0.1364174,0.2746645,0.0009728944,0.0001708594,31.74281,0.002081905,1.32569e-12,0.001005219,0.0001037921,0.0139149,0,0.1,0,0.0001708594,-0.01424594,0.3459538,1.356903,1.68102,32358,1.447225,435.29,43.44834
14089,1790243642.204,-0.8211486,-1.072832,1.440012,-0.08074363,0,-0.0009854208,-0.02,-0.3713712,-0.009614332,-0.04860468,-0.2583628,-0.001929753,-0.06271999,-0.005184327,1.390262,-0.0426818,-0.0355575,-0.006268226,-0.04344561,0,0,0,-0.06930321,-0.03914898,0.7616553,0.09456611,-0.01118735,-0.009162094,0.5139776,1.372857,0.710811,1.597174,35,0,1,1,0,2.942594,0.9975001,0.14,0.2124782,0.2533434,0.0009701432,0.0001139063,31.74154,0.002059909,6.210362e-13,0.0009869161,0.0001028493,0.01513336,0.1,0.1,0,0.0001139063,-0.01386729,0.3016525,1.335657,1.551814,34045,1.446846,586.88,59.31773
14090,1790243645.081,-0.4369877,-0.5525671,0.763505,-0.038435,-0.112296,-0.0003986886,-0.015,-0.1866458,-0.004767644,-0.003826835,-0.1255269,-0.001026092,-0.01854667,-0.0022604,0.6949542,-0.0218205,-0.009654941,-0.003939091,-0.02369156,0.08300974,-0.06666668,-0.03155494,-0.03948331,-0.01832333,0.4037744,0.1185715,-0.005247145,-0.004412155,0.269864,0.7558942,0.3387819,0.8615364,35,0.5,1,0,0.5,4.359749,0.9975001,0.14,0.898956,0.3125281,0.0009604836,0.0001139063,31.7324,0.002051352,5.568659e-13,0.0009725455,0.0001183227,0.01415948,0.05,0.1,0,0.0001139063,-0.01327032,0.3336053,1.322067,1.542044,34322,1.445975,560.97,56.45341
14091,1790243648.132,-0.3050819,-0.3908615,0.5403354,-0.03180615,-0.1000614,-0.0004161284,-0.01222222,-0.1156018,-0.00319628,-0.0184715,-0.0782472,-0.0007060668,-0.008093333,-0.00149904,0.4714236,-0.01532807,-0.004248039,-0.002678317,-0.01600216,0.07506302,-0.07777779,-0.01225617,-0.02610161,-0.01400913,0.2847538,0.1165048,-0.003603406,-0.003120068,0.1856231,0.4903763,0.2419979,0.6131324,35,0.5714287,1,0,0.4285715,3.292301,0.9975001,0.14,0.2404217,0.2952135,0.0009655498,0.0001139063,31.72231,0.002070332,5.506603e-13,0.0009939714,0.0001108111,0.01061984,0,0.05,0,0.0001139063,-0.01234969,0.2961026,1.359991,1.679686,32340,1.445377,621.55,63.60361
14092,1790243651.016,-0.388669,-0.4860414,0.6767186,-0.03798195,-0.3472701,-0.0003656099,-0.01357143,-0.1512115,-0.004199027,-0.02472189,-0.0994352,-0.0008711288,-0.008022856,-0.001694723,0.5894531,-0.02012981,-0.004104534,-0.00124878,-0.02046961,0.2127425,-0.07142858,-0.02056763,-0.03320803,-0.01451474,0.3566819,0.1530052,-0.00404399,-0.003622287,0.2492335,0.6270179,0.3053667,0.782467,35,0.3333333,0.8333334,0.1666667,0.3333333,3.796004,0.9975001,0.14,0.2194816,0.2651125,0.0009565933,0.0001139063,31.71406,0.002071557,5.440489e-13,0.000967616,0.0001473481,0.0113266,0,0.05,0,0.0001139063,-0.01281883,0.2715487,1.348117,1.52404,34226,1.444815,663.44,66.47577
14093,1790243654.008,-0.3047225,-0.3843789,0.5349393,-0.03003315,-0.1682541,-0.0004429409,-0.003125,-0.1207033,-0.00325464,-0.01315683,-0.07972192,-0.0006934998,-0.006995001,-0.001384057,0.4761643,-0.01559864,-0.003507118,-0.001047626,-0.0151435,0.110832,-0.08750001,-0.01842803,-0.02336768,-0.01259309,0.2833725,0.1172282,-0.003197792,-0.00288947,0.194947,0.4997906,0.2457793,0.6162004,35,0.2857143,1,0.4285715,0.2857143,6.505842,0.9975001,0.14,0.2904558,0.2643735,0.0009432428,0.0001139063,31.70726,0.002025256,5.901441e-13,0.0009486316,0.0001333817,0.01222698,0.05,0.1,0,0.0001139063,-0.01228736,0.3189504,1.363369,1.616593,32988,1.444408,520.28,52.55219
14094,1790243657.038,-0.3324018,-0.4402279,0.5917537,-0.0305503,-0.01617654,-0.0004901257,-0.00125,-0.1339383,-0.003572028,-0.03083371,-0.09016839,-0.0007841499,-0.01409,-0.001909942,0.5512657,-0.01722488,-0.009023109,-0.0003969596,-0.01700123,0.01591971,-0.075,-0.00279128,-0.02814625,-0.01456497,0.3152773,0.09299767,-0.003796376,-0.003339402,0.1979277,0.5193554,0.2409912,0.6621851,35,0.3333333,1,0.6666667,0,3.09844,0.9975001,0.14,0.1861875,0.2403617,0.0009636904,0.0001139063,31.70133,0.002040769,6.867797e-11,0.0009659525,0.0001111264,0.01449374,0.05,0.1,0,0.0001139063,-0.01362451,0.2945148,1.358709,1.658971,32576,1.443967,580.17,58.95021
14095,1790243660.097,-0.3154915,-0.3900467,0.5490029,-0.02741876,-0.4236035,-0.0003261342,-0.0025,-0.1152115,-0.003452824,-0.01437374,-0.07521617,-0.0007020892,0,-0.001362739,0.447951,-0.01679968,0,0,-0.01625938,0.2613435,-0.08333334,-0.04737766,-0.02250852,-0.01353028,0.288511,0.162418,-0.003066602,-0.002714074,0.2014015,0.5374246,0.2515977,0.65409,35,0,0.8333334,0.3333333,0.5,2.687812,1,0.14,0.2204745,0.2417578,0.0009700961,0.0001139063,31.69527,0.002029902,3.390194e-11,0.0009506738,0.0001091317,0.010669,0,0.05,0,0.0001139063,-0.0134368,0.2945444,1.370286,1.676855,32261,1.443475,633.06,64.55207
14096,1790243663.109,-0.7514004,-0.9535279,1.310012,-0.07119751,-0.6192871,-0.0008051931,-0.006666667,-0.3122001,-0.008209912,-0.04403026,-0.2123481,-0.001686111,-0.03410333,-0.003857224,1.22321,-0.03893101,-0.01972197,-0.003997206,-0.04191341,0.3970253,-0.01666667,-0.008787056,-0.06580739,-0.03077604,0.6834201,0.1844061,-0.008976327,-0.007796607,0.4729002,1.214601,0.5188509,1.48604,35,0,0.3333333,0.3333333,0,1.823804,1,0.14,0.2335898,0.2526956,0.0009573954,0.0001139063,31.69003,0.002021042,4.857378e-12,0.0009554261,0.0001082207,0.01440077,0.05,0.1,0,0.0001139063,-0.01392523,0.3920704,1.362601,1.637309,32768,1.443278,686.06,68.85933
14097,1790243665.972,-0.7867013,-0.9775361,1.359512,-0.0799478,-0.7810513,-0.001169316,-0.01611112,-0.3209598,-0.008847842,-0.05368222,-0.2118872,-0.001724062,-0.02517333,-0.003810953,1.212004,-0.03948126,-0.01349403,-0.005498145,-0.04372252,0.5245249,-0.01111111,-0.01497777,-0.07000728,-0.03071972,0.7087544,0.2568211,-0.008386185,-0.007424541,0.4926767,1.264529,0.6177682,1.55555,35,0,0.2,0.2,0,2.872625,1,0.14,0.1711805,0.2206475,0.0009474485,7.59375e-05,31.68947,0.001975822,9.188451e-13,0.0009303967,9.797735e-05,0.01294955,0.1,0.1,0,7.59375e-05,-0.0118747,0.2976992,1.270637,1.581313,34469,1.443171,846.85,86.34402
14098,1790243668.823,-0.6078078,-0.7579038,1.05479,-0.05470458,-0.5617785,-0.0006876031,-0.003750001,-0.2407663,-0.006797573,-0.03141246,-0.1604913,-0.001337322,-0.0208075,-0.002720364,0.9573134,-0.03111457,-0.01117208,-0.002661446,-0.03264335,0.381038,-0.0375,-0.09653388,-0.04877753,-0.02351401,0.5569813,0.1948888,-0.006507302,-0.005814431,0.3801978,1.018476,0.4683341,1.227993,35,0.2727273,0.5454546,0.1818182,0.09090909,3.923071,1,0.14,0.226377,0.2068627,0.0009410739,0.0001139063,31.68377,0.001902277,5.507333e-13,0.0008454233,0.0001157802,0.01023582,0,0.1,0,0.0001139063,-0.01219259,0.2614274,1.261354,1.579155,34607,1.442297,843.89,85.71176
14099,1790243671.664,-0.7122724,-0.8908595,1.238211,-0.06987047,-0.3439817,-0.0007980997,-0.008666668,-0.3000547,-0.007695581,-0.0249454,-0.2035606,-0.001594006,-0.03486533,-0.003507265,1.16886,-0.03475609,-0.01971862,-0.005198977,-0.03870647,0.2279485,-0.02,-0.00816554,-0.05912312,-0.02837888,0.6522071,0.1597248,-0.008201351,-0.007232879,0.4475485,1.167926,0.5399399,1.404629,35,0.3333333,0.5,0.1666667,0,4.151748,1,0.14,0.2035929,0.2066678,0.0009475171,0.0001139063,31.67425,0.001866525,5.066726e-13,0.0008145276,0.0001044805,0.01321803,0.05,0.1,0,0.0001139063,-0.01284171,0.3642541,1.30419,1.525093,34745,1.441933,813.85,82.81555
14100,1790243674.505,-0.7089362,-0.8738461,1.227177,-0.07862854,-0.7457168,-0.0006980601,-0.01777778,-0.2857203,-0.007726201,-0.02556821,-0.1867435,-0.001513287,-0.02135111,-0.003182137,1.114715,-0.03599031,-0.01257134,-0.003811344,-0.03909374,0.5078758,-0.02222222,-0.1028833,-0.05801114,-0.02758382,0.644559,0.2401666,-0.007739178,-0.006746323,0.4423224,1.158719,0.553763,1.418496,35,0,0.3333333,0.3333333,0,3.433403,1,0.14,0.1791303,0.1989783,0.0009557961,0.0001139063,31.67028,0.001846891,4.800884e-13,0.0007839968,0.0001070978,0.01421714,0.05,0.1,0,0.0001139063,-0.01438664,0.3232623,1.253146,1.576885,34736,1.441399,787.61,80.74761
14101,1790243677.354,-0.7005498,-0.8774574,1.216511,-0.0693762,-0.2404332,-0.0008116186,-0.04749997,-0.293671,-0.007594842,-0.05022647,-0.1986347,-0.001578098,-0.0320475,-0.003804542,1.151572,-0.03536303,-0.01879273,-0.005872391,-0.0366677,0.1608528,-0.025,-0.006482611,-0.05419312,-0.0295408,0.6428753,0.1669423,-0.008095354,-0.007122645,0.439738,1.128016,0.5275272,1.381686,35,0,0.6666667,0.3333333,0.3333333,1.244282,1,0.14,0.2168648,0.2109254,0.0009627946,0.0001139063,31.66547,0.00183612,4.564138e-13,0.0007752054,9.811985e-05,0.01063877,0,0.05,0,0.0001139063,-0.01318735,0.4329596,1.260966,1.576257,34647,1.441518,614.77,63.09653
14102,1790243680.224,-0.6505165,-0.8018317,1.125125,-0.06338146,-0.8098277,-0.0007271112,-0.01423077,-0.2471823,-0.007141599,-0.02882397,-0.1627531,-0.00140611,-0.01079077,-0.002791648,0.987061,-0.03390551,-0.00678114,-0.001006923,-0.03607355,0.5808164,-0.03076923,-0.03775277,-0.05152112,-0.02398735,0.5905952,0.2647128,-0.006647923,-0.005870579,0.4140945,1.079703,0.5137758,1.327931,35,0.1,0.4,0.3,0,2.345445,1,0.14,0.1797564,0.1991664,0.0009617152,7.59375e-05,31.66984,0.001885553,4.641465e-13,0.000823539,0.0001002984,0.01388471,0.1,0.1,0,7.59375e-05,-0.01402323,0.4803707,1.258324,1.601286,34376,1.441945,583.8,59.8514
14103,1790243683.052,-0.7622249,-0.9438128,1.32644,-0.07551353,-0.4920583,-0.0008598354,-0.01928572,-0.3106327,-0.008120443,-0.04183115,-0.2108426,-0.001688028,-0.03458857,-0.004066208,1.236882,-0.03866036,-0.02067562,-0.005855008,-0.04132412,0.3298434,-0.01428572,-0.0005195837,-0.06198207,-0.03303385,0.6955202,0.1870282,-0.008833344,-0.007719377,0.4768162,1.220896,0.5586429,1.513048,35,0.3333333,0.3333333,0,0,2.054712,1,0.14,0.1786591,0.2122277,0.0009811876,0.0001139063,31.67493,0.001945298,4.637895e-13,0.000835985,0.0001281252,0.01030717,0,0.1,0,0.0001139063,-0.0140614,0.4741103,1.247021,1.570194,34894,1.442323,577.54,58.97511
14104,1790243685.913,-0.5652894,-0.716751,0.9965702,-0.05772782,-0.5969145,-0.0005287459,-0.00125,-0.2156309,-0.00623247,-0.01475903,-0.1407962,-0.001251027,-0.009502498,-0.002364819,0.8757867,-0.0294514,-0.005750583,-0.0008475189,-0.03034581,0.4271269,-0.05,-0.03425326,-0.04196457,-0.02007607,0.528831,0.2405674,-0.005798744,-0.005218413,0.3675669,0.9896039,0.4578227,1.166156,35,0,0.6666667,0.3333333,0.3333333,2.839575,1,0.14,0.1762178,0.20851,0.0009906001,0.0001708594,31.68064,0.001943952,5.090356e-13,0.0008518734,0.0001014783,0.01322524,0,0.1,0,0.0001708594,-0.01581881,0.4993454,1.259276,1.591087,34488,1.442806,590.55,61.66628
14105,1790243688.788,-0.3922754,-0.4784529,0.6833381,-0.03802895,-0.3975247,-0.0003449054,-0.001111111,-0.1471129,-0.004201976,-0.008283379,-0.0967816,-0.0008777973,-0.005600001,-0.001658327,0.6051091,-0.02110421,-0.003633144,-0.0003385387,-0.02042276,0.2999197,-0.06666668,-0.002087937,-0.02890711,-0.01430625,0.3631884,0.1661419,-0.003915252,-0.003559892,0.2558051,0.6873497,0.3206832,0.7931851,35,0.5,0.75,0.25,0,2.20378,1,0.14,0.1695829,0.2017571,0.000994346,7.59375e-05,31.68831,0.001948866,4.768031e-13,0.000857016,9.750442e-05,0.01442226,0.15,0.1,0,7.59375e-05,-0.01431287,0.6118185,1.25654,1.607681,34321,1.443337,537.86,55.38854
14106,1790243691.652,-0.4267659,-0.5155709,0.7402554,-0.04563216,-0.6619346,-0.0005844095,-0.005,-0.1567082,-0.00468138,-0.008558897,-0.09932394,-0.0009098812,0,-0.001467349,0.6374661,-0.02370814,0,0,-0.02317173,0.4825965,-0.0625,-0.09765129,-0.03088552,-0.01386946,0.3891965,0.2190398,-0.003825092,-0.003545871,0.2793776,0.7572128,0.339285,0.8764369,35,0.375,0.625,0.125,0.125,2.60823,1,0.14,0.1566888,0.2000663,0.0009942397,7.59375e-05,31.69546,0.001970449,4.791242e-13,0.0008779918,9.821749e-05,0.01437275,0.1,0.15,0,7.59375e-05,-0.01498681,0.4619021,1.256277,1.597267,34449,1.443884,557.08,57.58899
14107,1790243694.641,-0.6316061,-0.7891614,1.108759,-0.06529122,-0.3084169,-0.0007753698,-0.04833333,-0.2574932,-0.006653272,-0.04941812,-0.1741318,-0.001418347,-0.01823334,-0.002980447,1.000374,-0.03176385,-0.01013118,-0.003251041,-0.03345351,0.2618979,-0.03333334,-0.01093783,-0.05156966,-0.02695569,0.5842564,0.2181751,-0.00733168,-0.006343169,0.400576,1.06741,0.4821738,1.248484,35,0,0.6666667,0.6666667,0,0.9780964,1,0.14,0.1462729,0.2305521,0.0009918066,0.0001139063,31.70194,0.001964451,6.306226e-13,0.0008634573,0.0001091866,0.01019799,0,0.1,0,0.0001139063,-0.01527959,0.5520285,1.417867,1.559601,33015,1.444409,512.31,52.78133
14108,1790243697.534,-0.2412982,-0.3031757,0.4235019,-0.02518337,-0.05293582,-0.0002923374,-0.006111112,-0.09247974,-0.002479718,-0.006947485,-0.06271559,-0.0005579358,-0.006126666,-0.001257019,0.3802845,-0.01296204,-0.003724252,-0.0007677799,-0.01198075,0.04539988,-0.0888889,-0.007892981,-0.01966229,-0.01032787,0.2258607,0.08942138,-0.002528416,-0.00235076,0.1548716,0.4111091,0.183232,0.4867744,35,0.5,1,0.375,0.125,3.38042,1,0.14,0.221293,0.2249874,0.0009985263,0.0001139063,31.71209,0.001985346,3.347319e-11,0.000884351,0.0001024681,0.01401975,0.05,0.1,0,0.0001139063,-0.01572693,0.5486855,1.317363,1.563561,34122,1.445301,553.05,57.01173
14109,1790243700.497,-0.4816612,-0.6232826,0.8630693,-0.04838489,-0.01828403,-0.0004716956,-0.00125,-0.2008402,-0.00504135,-0.0224266,-0.1390644,-0.001148963,-0.0230975,-0.002846424,0.8225067,-0.02477155,-0.01310361,-0.00387402,-0.02529453,0.02115376,-0.05,-0.00279637,-0.04040415,-0.02100949,0.4567235,0.1182001,-0.005735464,-0.00510027,0.3135785,0.7724384,0.3583355,0.9772384,35,0.25,1,0.5,0.25,0.9925689,1,0.14,0.2279293,0.2127877,0.0009963183,0.0001139063,31.72087,0.001989755,1.388817e-11,0.0008908458,0.000102591,0.01494727,0.05,0.1,0,0.0001139063,-0.01448545,0.5950842,1.382746,1.56888,33305,1.445818,528.24,54.27065
14110,1790243703.422,-0.2922971,-0.358037,0.5130028,-0.029628,-0.3493428,-0.0002955807,-0.0008333334,-0.10722,-0.003142979,-0.01008952,-0.06902119,-0.0006519727,0,-0.001112726,0.4346181,-0.01537296,0,0,-0.01542119,0.2162679,-0.08333334,-0.004095859,-0.01920573,-0.01189936,0.2727825,0.1526641,-0.002890241,-0.002613527,0.1938052,0.5255444,0.2288739,0.6167471,35,0.1666667,0.8333334,0.6666667,0,4.623332,1,0.14,0.2693443,0.2537606,0.001011355,0.0001139063,31.7267,0.002018877,2.946953e-12,0.0009076681,9.985355e-05,0.01433565,0.05,0.1,0,0.0001139063,-0.01438215,0.4093342,1.365995,1.546569,33751,1.446249,525.46,53.38556
