step,tip_err_l1_m,tip_err_x_m,tip_err_y_m,tip_err_z_m,base_z_m,force_cmd_n,force_meas_n,force_est_n
0,0.29517,0.08927,0.16796,0.03794,0.33046,0.0000,0.0000,3.0980
1,0.30429,0.10744,0.16662,0.03023,0.31613,0.0000,0.0000,0.4758
2,0.27129,0.11092,0.14439,0.01598,0.30397,0.0000,0.0000,0.6463
3,0.23230,0.09968,0.12780,0.00482,0.29704,0.0000,0.0000,0.2194
4,0.22210,0.08916,0.11180,0.02115,0.29519,0.0000,0.0000,0.2603
5,0.18807,0.07701,0.09448,0.01659,0.29671,0.0000,0.0000,0.1472
6,0.15333,0.06664,0.07845,0.00824,0.29947,0.0000,0.0000,0.2587
7,0.11989,0.05561,0.06330,0.00098,0.30153,0.0000,0.0000,0.2606
8,0.10705,0.04818,0.05005,0.00881,0.30163,0.0000,0.0000,0.2531
9,0.09525,0.04274,0.03713,0.01539,0.29972,0.0000,0.0000,0.2663
10,0.08259,0.03786,0.02456,0.02017,0.29641,0.0000,0.0000,0.2389
11,0.07020,0.03316,0.01625,0.02079,0.29243,0.0000,0.0000,0.1408
12,0.06364,0.02941,0.01940,0.01483,0.28858,0.0000,0.0000,0.1177
13,0.06562,0.02387,0.02113,0.02063,0.28507,0.0000,0.0000,0.0798
14,0.06196,0.02145,0.02468,0.01583,0.28242,0.0000,0.0000,0.1921
15,0.06104,0.01955,0.02925,0.01224,0.28050,0.0000,0.0000,0.2961
16,0.05929,0.01886,0.03135,0.00908,0.27903,0.0000,0.0000,0.4479
17,0.04944,0.01806,0.02588,0.00550,0.27775,0.0000,0.0000,0.5784
18,0.04147,0.01741,0.02141,0.00266,0.27644,0.0000,0.0000,0.8798
19,0.03719,0.01680,0.01945,0.00093,0.27501,0.0000,0.0000,0.8225
20,0.03354,0.01524,0.01606,0.00224,0.27344,0.0000,0.0000,0.8286
21,0.03107,0.01419,0.01403,0.00284,0.27185,0.0000,0.0000,0.8199
22,0.03009,0.01340,0.01307,0.00363,0.27030,0.0000,0.0000,0.8622
23,0.03040,0.01253,0.01371,0.00416,0.26886,0.0000,0.0000,0.8082
24,0.03141,0.01188,0.01480,0.00473,0.26748,0.0000,0.0000,0.6907
25,0.03422,0.01164,0.01677,0.00581,0.26611,0.0000,0.0000,0.5981
26,0.03382,0.01119,0.01611,0.00652,0.26476,0.0000,0.0000,0.5225
27,0.03016,0.01012,0.01355,0.00649,0.26348,0.0000,0.0000,0.4676
28,0.02379,0.00835,0.00910,0.00634,0.26232,0.0000,0.0000,0.3678
29,0.02174,0.00677,0.00843,0.00653,0.26126,0.0000,0.0000,0.3269
30,0.01540,0.00577,0.00488,0.00475,0.26027,0.0000,0.0000,0.3614
31,0.00863,0.00394,0.00023,0.00447,0.25931,0.0000,0.0000,0.6258
32,0.00891,0.00247,0.00232,0.00413,0.25842,0.0000,0.0000,0.8375
33,0.01000,0.00167,0.00412,0.00422,0.25759,0.0000,0.0000,0.9441
34,0.01176,0.00204,0.00562,0.00411,0.25680,0.0000,0.0000,1.1003
35,0.01468,0.00302,0.00807,0.00359,0.25604,0.0000,0.0000,1.4318
36,0.01689,0.00401,0.00944,0.00344,0.25529,0.0000,0.0000,1.6172
37,0.01850,0.00501,0.01013,0.00336,0.25454,0.0000,0.0000,1.7666
38,0.01996,0.00509,0.01072,0.00416,0.25375,0.0000,0.0000,1.8209
39,0.01832,0.00341,0.00945,0.00546,0.25294,0.0000,0.0000,1.8002
40,0.01661,0.00162,0.00832,0.00667,0.25213,0.0000,0.0000,1.7188
41,0.01472,0.00056,0.00716,0.00699,0.25139,0.0000,0.0000,1.7012
42,0.01372,0.00042,0.00693,0.00636,0.25072,0.0000,0.0000,1.6777
43,0.01432,0.00075,0.00797,0.00560,0.25011,0.0000,0.0000,1.6103
44,0.01584,0.00101,0.00922,0.00561,0.24955,0.0000,0.0000,1.5286
45,0.01791,0.00106,0.01027,0.00658,0.24904,0.0000,0.0000,1.4119
46,0.02004,0.00110,0.01104,0.00790,0.24855,0.0000,0.0000,1.3005
47,0.02211,0.00104,0.01166,0.00940,0.24808,0.0000,0.0000,1.1526
48,0.02383,0.00079,0.01209,0.01095,0.24762,0.0000,0.0000,1.0106
49,0.02494,0.00057,0.01228,0.01210,0.24718,0.0000,0.0000,0.8687
50,0.02559,0.00030,0.01231,0.01298,0.24675,0.0000,0.0000,0.7164
51,0.02590,0.00005,0.01219,0.01365,0.24635,0.0000,0.0000,0.5530
52,0.02665,0.00027,0.01207,0.01431,0.24597,0.0000,0.0000,0.4104
53,0.02722,0.00049,0.01193,0.01480,0.24564,0.0000,0.0000,0.3338
54,0.02742,0.00056,0.01175,0.01511,0.24534,0.0000,0.0000,0.3011
55,0.02761,0.00058,0.01164,0.01539,0.24508,0.0000,0.0000,0.3085
56,0.02842,0.00072,0.01192,0.01578,0.24485,0.0000,0.0000,0.3308
57,0.02917,0.00084,0.01217,0.01615,0.24466,0.0000,0.0000,0.3580
58,0.02982,0.00098,0.01227,0.01657,0.24452,0.0000,0.0000,0.3954
59,0.03065,0.00127,0.01228,0.01711,0.24441,0.0000,0.0000,0.4381
60,0.03148,0.00163,0.01215,0.01770,0.24435,0.0000,0.0000,0.4723
61,0.03239,0.00206,0.01202,0.01832,0.24433,0.0000,0.0000,0.5142
62,0.03334,0.00250,0.01198,0.01887,0.24434,0.0000,0.0000,0.5734
63,0.03441,0.00296,0.01203,0.01941,0.24437,0.0000,0.0000,0.6516
64,0.03554,0.00341,0.01217,0.01995,0.24441,0.0000,0.0000,0.7399
65,0.03494,0.00364,0.01225,0.01905,0.24452,0.0000,0.0000,0.8611
66,0.03039,0.00259,0.01146,0.01634,0.24476,0.0000,0.0000,0.9472
67,0.02680,0.00167,0.01125,0.01388,0.24513,0.0000,0.0000,0.9666
68,0.02512,0.00124,0.01169,0.01220,0.24559,0.0000,0.0000,0.9756
69,0.02421,0.00086,0.01213,0.01121,0.24613,0.0000,0.0000,0.9440
70,0.02336,0.00037,0.01242,0.01056,0.24669,0.0000,0.0000,0.8758
71,0.02280,0.00018,0.01263,0.00999,0.24724,0.0000,0.0000,0.7680
72,0.02290,0.00072,0.01282,0.00936,0.24775,0.0000,0.0000,0.6440
73,0.02282,0.00121,0.01298,0.00863,0.24820,0.0000,0.0000,0.5167
74,0.02243,0.00078,0.01357,0.00807,0.24857,0.0000,0.0000,0.4020
75,0.02064,0.00033,0.01436,0.00595,0.24881,0.0000,0.0000,0.3580
76,0.02163,0.00187,0.01541,0.00436,0.24891,0.0000,0.0000,0.3739
77,0.02221,0.00321,0.01595,0.00305,0.24892,0.0000,0.0000,0.4126
78,0.02251,0.00431,0.01606,0.00213,0.24889,0.0000,0.0000,0.4689
79,0.02268,0.00513,0.01592,0.00163,0.24889,0.0000,0.0000,0.5243
80,0.02262,0.00551,0.01569,0.00141,0.24896,0.0000,0.0000,0.5730
81,0.02167,0.00509,0.01549,0.00108,0.24910,0.0000,0.0000,0.6107
82,0.02081,0.00461,0.01517,0.00103,0.24932,0.0000,0.0000,0.6253
83,0.02038,0.00423,0.01477,0.00138,0.24963,0.0000,0.0000,0.6194
84,0.02002,0.00378,0.01424,0.00199,0.25002,0.0000,0.0000,0.5983
85,0.01923,0.00311,0.01343,0.00270,0.25046,0.0000,0.0000,0.5839
86,0.01851,0.00251,0.01246,0.00354,0.25095,0.0000,0.0000,0.5941
87,0.01810,0.00207,0.01148,0.00455,0.25147,0.0000,0.0000,0.6231
88,0.01760,0.00157,0.01046,0.00558,0.25203,0.0000,0.0000,0.6595
89,0.01708,0.00101,0.00949,0.00658,0.25260,0.0000,0.0000,0.6910
90,0.01687,0.00054,0.00870,0.00763,0.25319,0.0000,0.0000,0.7161
91,0.01646,0.00000,0.00781,0.00864,0.25378,0.0000,0.0000,0.7237
92,0.01709,0.00055,0.00695,0.00959,0.25437,0.0000,0.0000,0.7140
93,0.01770,0.00108,0.00613,0.01049,0.25495,0.0000,0.0000,0.6910
94,0.01820,0.00167,0.00526,0.01127,0.25552,0.0000,0.0000,0.6537
95,0.01869,0.00226,0.00446,0.01196,0.25609,0.0000,0.0000,0.6089
96,0.01903,0.00291,0.00364,0.01248,0.25664,0.0000,0.0000,0.5649
97,0.01938,0.00348,0.00301,0.01289,0.25720,0.0000,0.0000,0.5442
98,0.01967,0.00402,0.00247,0.01318,0.25775,0.0000,0.0000,0.5409
99,0.01986,0.00455,0.00198,0.01333,0.25832,0.0000,0.0000,0.5455
100,0.01984,0.00523,0.00154,0.01306,0.25891,0.0000,0.0000,0.5555
101,0.01968,0.00578,0.00125,0.01264,0.25952,0.0000,0.0000,0.5626
102,0.01940,0.00619,0.00100,0.01221,0.26015,0.0000,0.0000,0.5658
103,0.01897,0.00660,0.00066,0.01171,0.26083,0.0000,0.0000,0.5631
104,0.01839,0.00697,0.00030,0.01112,0.26154,0.0000,0.0000,0.5548
105,0.01773,0.00728,0.00004,0.01040,0.26230,0.0000,0.0000,0.5376
106,0.01942,0.00823,0.00088,0.01031,0.26304,0.0000,0.0000,0.5116
107,0.02219,0.00946,0.00132,0.01141,0.26366,0.0000,0.0000,0.4479
108,0.02249,0.00969,0.00049,0.01231,0.26415,0.0000,0.0000,0.3714
109,0.02301,0.00925,0.00065,0.01310,0.26452,0.0000,0.0000,0.3169
110,0.02426,0.00778,0.00136,0.01511,0.26481,0.0000,0.0000,0.2868
111,0.02496,0.00670,0.00125,0.01702,0.26505,0.0000,0.0000,0.2811
112,0.02510,0.00641,0.00067,0.01801,0.26525,0.0000,0.0000,0.2900
113,0.02488,0.00641,0.00030,0.01817,0.26544,0.0000,0.0000,0.3066
114,0.02457,0.00625,0.00029,0.01803,0.26561,0.0000,0.0000,0.3287
115,0.02434,0.00593,0.00053,0.01789,0.26577,0.0000,0.0000,0.3597
116,0.02412,0.00547,0.00087,0.01778,0.26592,0.0000,0.0000,0.4060
117,0.02334,0.00435,0.00137,0.01762,0.26608,0.0000,0.0000,0.4726
118,0.02131,0.00280,0.00135,0.01716,0.26633,0.0000,0.0000,0.5641
119,0.01856,0.00135,0.00043,0.01678,0.26670,0.0000,0.0000,0.6090
120,0.01655,0.00141,0.00035,0.01479,0.26718,0.0000,0.0000,0.6026
121,0.01632,0.00354,0.00125,0.01153,0.26771,0.0000,0.0000,0.5403
122,0.01488,0.00479,0.00181,0.00828,0.26826,0.0000,0.0000,0.4411
123,0.01322,0.00519,0.00207,0.00596,0.26880,0.0000,0.0000,0.3366
124,0.01211,0.00521,0.00199,0.00491,0.26929,0.0000,0.0000,0.2441
125,0.01289,0.00564,0.00202,0.00522,0.26966,0.0000,0.0000,0.1739
126,0.01419,0.00603,0.00199,0.00617,0.26989,0.0000,0.0000,0.1259
127,0.01504,0.00602,0.00178,0.00725,0.27000,0.0000,0.0000,0.1018
128,0.01554,0.00595,0.00152,0.00808,0.27005,0.0000,0.0000,0.0897
129,0.01624,0.00628,0.00124,0.00871,0.27008,0.0000,0.0000,0.0860
130,0.01721,0.00693,0.00102,0.00926,0.27012,0.0000,0.0000,0.0854
131,0.01821,0.00755,0.00079,0.00987,0.27017,0.0000,0.0000,0.0886
132,0.01906,0.00790,0.00052,0.01063,0.27024,0.0000,0.0000,0.0917
133,0.01964,0.00790,0.00015,0.01159,0.27033,0.0000,0.0000,0.0979
134,0.02016,0.00758,0.00023,0.01235,0.27046,0.0000,0.0000,0.1080
135,0.02018,0.00690,0.00049,0.01279,0.27063,0.0000,0.0000,0.1235
136,0.01939,0.00657,0.00029,0.01252,0.27087,0.0000,0.0000,0.1435
137,0.01793,0.00688,0.00007,0.01098,0.27121,0.0000,0.0000,0.1600
138,0.01768,0.00865,0.00042,0.00861,0.27162,0.0000,0.0000,0.1616
139,0.01646,0.00956,0.00066,0.00624,0.27207,0.0000,0.0000,0.1480
140,0.01448,0.00936,0.00071,0.00441,0.27256,0.0000,0.0000,0.1266
141,0.01267,0.00867,0.00057,0.00343,0.27304,0.0000,0.0000,0.1099
142,0.01194,0.00822,0.00041,0.00331,0.27348,0.0000,0.0000,0.1060
143,0.01230,0.00796,0.00029,0.00405,0.27381,0.0000,0.0000,0.1127
144,0.01274,0.00729,0.00017,0.00529,0.27403,0.0000,0.0000,0.1275
145,0.01369,0.00646,0.00059,0.00664,0.27418,0.0000,0.0000,0.1481
146,0.01466,0.00649,0.00060,0.00757,0.27429,0.0000,0.0000,0.1718
147,0.01600,0.00623,0.00128,0.00850,0.27437,0.0000,0.0000,0.1920
148,0.01735,0.00589,0.00206,0.00940,0.27448,0.0000,0.0000,0.2091
149,0.01805,0.00578,0.00254,0.00974,0.27461,0.0000,0.0000,0.2253
150,0.01828,0.00554,0.00283,0.00991,0.27481,0.0000,0.0000,0.2408
151,0.01861,0.00489,0.00347,0.01025,0.27508,0.0000,0.0000,0.2533
152,0.01907,0.00447,0.00432,0.01028,0.27542,0.0000,0.0000,0.2675
153,0.01927,0.00544,0.00429,0.00954,0.27580,0.0000,0.0000,0.2774
154,0.01871,0.00552,0.00428,0.00891,0.27621,0.0000,0.0000,0.2858
155,0.01864,0.00474,0.00470,0.00920,0.27659,0.0000,0.0000,0.2956
156,0.01897,0.00494,0.00444,0.00958,0.27692,0.0000,0.0000,0.3134
157,0.02936,0.00490,0.00949,0.01496,0.27716,0.0000,0.0000,0.3340
158,0.03655,0.00338,0.01247,0.02070,0.27735,0.0000,0.0000,0.3617
159,0.04097,0.00160,0.01420,0.02518,0.27749,0.0000,0.0000,0.4117
160,0.04502,0.00154,0.01480,0.02869,0.27766,0.0000,0.0000,0.4776
161,0.04934,0.00369,0.01418,0.03147,0.27785,0.0000,0.0000,0.5741
162,0.05408,0.00647,0.01391,0.03371,0.27804,0.0000,0.0000,0.6861
163,0.05936,0.00979,0.01410,0.03547,0.27819,0.0000,0.0000,0.7917
164,0.06497,0.01363,0.01447,0.03687,0.27827,0.0000,0.0000,0.8893
165,0.06780,0.01727,0.01454,0.03599,0.27833,0.0000,0.0000,0.9668
166,0.06035,0.01691,0.01256,0.03087,0.27845,0.0000,0.0000,0.9971
167,0.05202,0.01616,0.01076,0.02510,0.27861,0.0000,0.0000,0.9554
168,0.04726,0.01631,0.00974,0.02121,0.27874,0.0000,0.0000,0.8877
169,0.04327,0.01648,0.00858,0.01821,0.27876,0.0000,0.0000,0.8336
170,0.03903,0.01656,0.00671,0.01576,0.27863,0.0000,0.0000,0.8146
171,0.03568,0.01808,0.00410,0.01350,0.27843,0.0000,0.0000,0.7907
172,0.03119,0.01917,0.00128,0.01074,0.27823,0.0000,0.0000,0.7925
173,0.02751,0.01920,0.00163,0.00667,0.27811,0.0000,0.0000,0.8062
174,0.02535,0.01932,0.00348,0.00254,0.27814,0.0000,0.0000,0.8402
175,0.02579,0.01985,0.00474,0.00120,0.27830,0.0000,0.0000,0.8952
176,0.03049,0.01933,0.00629,0.00488,0.27858,0.0000,0.0000,0.9660
177,0.03407,0.01830,0.00795,0.00782,0.27890,0.0000,0.0000,1.0619
178,0.03645,0.01702,0.00961,0.00982,0.27919,0.0000,0.0000,1.1543
179,0.03942,0.01628,0.01182,0.01132,0.27939,0.0000,0.0000,1.2114
180,0.04228,0.01584,0.01434,0.01210,0.27949,0.0000,0.0000,1.2519
181,0.04520,0.01596,0.01652,0.01271,0.27951,0.0000,0.0000,1.2724
182,0.04739,0.01578,0.01818,0.01342,0.27951,0.0000,0.0000,1.2796
183,0.04811,0.01418,0.01937,0.01456,0.27952,0.0000,0.0000,1.2590
184,0.04868,0.01176,0.02058,0.01634,0.27961,0.0000,0.0000,1.2252
185,0.04906,0.00860,0.02167,0.01879,0.27985,0.0000,0.0000,1.2218
186,0.05017,0.00801,0.02177,0.02038,0.28023,0.0000,0.0000,1.2528
187,0.04972,0.00723,0.02133,0.02117,0.28070,0.0000,0.0000,1.2829
188,0.04750,0.00482,0.02140,0.02129,0.28113,0.0000,0.0000,1.3080
189,0.04437,0.00139,0.02222,0.02075,0.28145,0.0000,0.0000,1.3228
190,0.04266,0.00019,0.02255,0.01993,0.28165,0.0000,0.0000,1.3468
191,0.04152,0.00203,0.02257,0.01692,0.28165,0.0000,0.0000,1.3365
192,0.04288,0.00714,0.02222,0.01352,0.28148,0.0000,0.0000,1.2095
193,0.04182,0.01010,0.02146,0.01026,0.28116,0.0000,0.0000,1.0197
194,0.03943,0.01130,0.02001,0.00812,0.28081,0.0000,0.0000,0.8369
195,0.03428,0.01072,0.01732,0.00624,0.28050,0.0000,0.0000,0.6744
196,0.02997,0.00932,0.01460,0.00605,0.28034,0.0000,0.0000,0.5367
197,0.02659,0.00575,0.01262,0.00823,0.28039,0.0000,0.0000,0.4393
198,0.02417,0.00175,0.01181,0.01061,0.28069,0.0000,0.0000,0.3871
199,0.02445,0.00009,0.01171,0.01266,0.28114,0.0000,0.0000,0.3642
200,0.02648,0.00155,0.01179,0.01314,0.28159,0.0000,0.0000,0.3599
201,0.02829,0.00312,0.01228,0.01289,0.28189,0.0000,0.0000,0.3705
202,0.03050,0.00504,0.01330,0.01216,0.28198,0.0000,0.0000,0.4018
203,0.03195,0.00563,0.01452,0.01179,0.28190,0.0000,0.0000,0.4468
204,0.03218,0.00584,0.01547,0.01087,0.28167,0.0000,0.0000,0.4991
205,0.02860,0.00349,0.01641,0.00870,0.28132,0.0000,0.0000,0.5484
206,0.02442,0.00055,0.01720,0.00666,0.28090,0.0000,0.0000,0.5521
207,0.02486,0.00356,0.01640,0.00490,0.28044,0.0000,0.0000,0.5310
208,0.02123,0.00327,0.01494,0.00302,0.27997,0.0000,0.0000,0.4974
209,0.01590,0.00059,0.01383,0.00149,0.27946,0.0000,0.0000,0.4760
210,0.01652,0.00273,0.01371,0.00008,0.27894,0.0000,0.0000,0.5022
211,0.01749,0.00326,0.01385,0.00038,0.27843,0.0000,0.0000,0.5451
212,0.01741,0.00267,0.01354,0.00119,0.27794,0.0000,0.0000,0.5821
213,0.01586,0.00082,0.01326,0.00178,0.27746,0.0000,0.0000,0.6004
214,0.01600,0.00110,0.01317,0.00174,0.27703,0.0000,0.0000,0.5988
215,0.01638,0.00241,0.01265,0.00131,0.27668,0.0000,0.0000,0.5841
216,0.01402,0.00165,0.01170,0.00067,0.27642,0.0000,0.0000,0.5636
217,0.01116,0.00030,0.01062,0.00025,0.27621,0.0000,0.0000,0.5603
218,0.01135,0.00109,0.01025,0.00002,0.27599,0.0000,0.0000,0.5771
219,0.01176,0.00093,0.01066,0.00017,0.27571,0.0000,0.0000,0.6019
220,0.01182,0.00019,0.01155,0.00008,0.27532,0.0000,0.0000,0.6195
221,0.01390,0.00113,0.01268,0.00010,0.27484,0.0000,0.0000,0.6332
222,0.01651,0.00253,0.01342,0.00057,0.27429,0.0000,0.0000,0.6378
223,0.01794,0.00319,0.01326,0.00149,0.27366,0.0000,0.0000,0.6339
224,0.01835,0.00305,0.01271,0.00259,0.27299,0.0000,0.0000,0.6330
225,0.01905,0.00310,0.01270,0.00324,0.27229,0.0000,0.0000,0.6311
226,0.02029,0.00345,0.01289,0.00395,0.27160,0.0000,0.0000,0.6419
227,0.02184,0.00428,0.01292,0.00464,0.27093,0.0000,0.0000,0.6489
228,0.02381,0.00568,0.01341,0.00473,0.27032,0.0000,0.0000,0.6581
229,0.02554,0.00713,0.01343,0.00497,0.26979,0.0000,0.0000,0.6599
230,0.02621,0.00787,0.01278,0.00556,0.26931,0.0000,0.0000,0.6565
231,0.02478,0.00675,0.01225,0.00578,0.26888,0.0000,0.0000,0.6560
232,0.02076,0.00324,0.01347,0.00405,0.26847,0.0000,0.0000,0.6606
233,0.01910,0.00217,0.01439,0.00254,0.26809,0.0000,0.0000,0.6620
234,0.02045,0.00364,0.01488,0.00192,0.26769,0.0000,0.0000,0.6403
235,0.02420,0.00681,0.01541,0.00199,0.26728,0.0000,0.0000,0.5840
236,0.02913,0.01020,0.01642,0.00250,0.26686,0.0000,0.0000,0.5051
237,0.03447,0.01324,0.01792,0.00330,0.26644,0.0000,0.0000,0.4200
238,0.03892,0.01524,0.01882,0.00486,0.26600,0.0000,0.0000,0.3417
239,0.04215,0.01632,0.01914,0.00670,0.26557,0.0000,0.0000,0.2761
240,0.04454,0.01690,0.01921,0.00842,0.26518,0.0000,0.0000,0.2400
241,0.04688,0.01741,0.01948,0.01000,0.26485,0.0000,0.0000,0.2387
242,0.04920,0.01748,0.01996,0.01175,0.26459,0.0000,0.0000,0.2592
243,0.05242,0.01739,0.02146,0.01357,0.26440,0.0000,0.0000,0.2895
244,0.05581,0.01646,0.02327,0.01608,0.26426,0.0000,0.0000,0.3194
245,0.05593,0.01771,0.02108,0.01714,0.26419,0.0000,0.0000,0.3477
246,0.05183,0.01810,0.01557,0.01817,0.26420,0.0000,0.0000,0.4055
247,0.04467,0.01302,0.01281,0.01884,0.26426,0.0000,0.0000,0.5051
248,0.03847,0.00703,0.01293,0.01851,0.26432,0.0000,0.0000,0.5822
249,0.03673,0.00932,0.00868,0.01873,0.26462,0.0000,0.0000,0.5742
250,0.03280,0.00362,0.01035,0.01883,0.26484,0.0000,0.0000,0.5620
251,0.03374,0.00221,0.01340,0.01814,0.26476,0.0000,0.0000,0.4675
252,0.04016,0.00324,0.01994,0.01698,0.26457,0.0000,0.0000,0.4326
253,0.04089,0.00054,0.02425,0.01610,0.26435,0.0000,0.0000,0.4656
254,0.04659,0.00706,0.02295,0.01658,0.26416,0.0000,0.0000,0.4899
255,0.04792,0.01088,0.01921,0.01783,0.26397,0.0000,0.0000,0.5082
256,0.04628,0.01148,0.01528,0.01952,0.26379,0.0000,0.0000,0.5597
257,0.04500,0.01061,0.01397,0.02041,0.26362,0.0000,0.0000,0.6385
258,0.04498,0.00978,0.01473,0.02048,0.26349,0.0000,0.0000,0.6932
259,0.04437,0.00922,0.01513,0.02002,0.26342,0.0000,0.0000,0.7822
260,0.04238,0.00879,0.01421,0.01939,0.26345,0.0000,0.0000,0.7926
261,0.03889,0.00754,0.01219,0.01916,0.26352,0.0000,0.0000,0.8104
262,0.03611,0.00669,0.01081,0.01861,0.26361,0.0000,0.0000,0.7696
263,0.03464,0.00642,0.01015,0.01807,0.26370,0.0000,0.0000,0.7200
264,0.03439,0.00660,0.00997,0.01781,0.26373,0.0000,0.0000,0.6485
265,0.03618,0.00815,0.01055,0.01747,0.26368,0.0000,0.0000,0.5953
266,0.03831,0.01043,0.01069,0.01719,0.26354,0.0000,0.0000,0.5967
267,0.03967,0.01226,0.01033,0.01708,0.26333,0.0000,0.0000,0.6270
268,0.04072,0.01354,0.01005,0.01714,0.26305,0.0000,0.0000,0.6255
269,0.04208,0.01523,0.00970,0.01715,0.26272,0.0000,0.0000,0.6532
270,0.04264,0.01593,0.00915,0.01757,0.26232,0.0000,0.0000,0.6979
271,0.03834,0.01372,0.00798,0.01664,0.26200,0.0000,0.0000,0.7680
272,0.03123,0.01007,0.00616,0.01499,0.26193,0.0000,0.0000,0.8091
273,0.02685,0.00907,0.00524,0.01255,0.26211,0.0000,0.0000,0.7959
274,0.02484,0.00961,0.00461,0.01062,0.26247,0.0000,0.0000,0.7647
275,0.02831,0.01002,0.00800,0.01030,0.26288,0.0000,0.0000,0.7661
276,0.03348,0.00977,0.01131,0.01240,0.26312,0.0000,0.0000,0.7448
277,0.03578,0.01024,0.01177,0.01376,0.26311,0.0000,0.0000,0.7593
278,0.03719,0.01229,0.01061,0.01430,0.26290,0.0000,0.0000,0.7468
279,0.03931,0.01568,0.00924,0.01439,0.26257,0.0000,0.0000,0.7913
280,0.04070,0.01842,0.00752,0.01477,0.26218,0.0000,0.0000,0.9573
281,0.04163,0.01951,0.00739,0.01474,0.26181,0.0000,0.0000,0.8937
282,0.04173,0.01895,0.00832,0.01446,0.26147,0.0000,0.0000,0.9420
283,0.04098,0.01781,0.00901,0.01417,0.26119,0.0000,0.0000,0.9635
284,0.04059,0.01729,0.00928,0.01403,0.26100,0.0000,0.0000,0.9596
285,0.04186,0.01811,0.00966,0.01408,0.26089,0.0000,0.0000,0.9306
286,0.04475,0.01988,0.01054,0.01433,0.26082,0.0000,0.0000,0.8864
287,0.04818,0.02158,0.01173,0.01487,0.26076,0.0000,0.0000,0.8728
288,0.05142,0.02271,0.01307,0.01564,0.26067,0.0000,0.0000,0.8687
289,0.05469,0.02349,0.01468,0.01652,0.26057,0.0000,0.0000,0.8667
290,0.05434,0.02573,0.01201,0.01660,0.26046,0.0000,0.0000,0.8729
291,0.05063,0.02662,0.00804,0.01596,0.26041,0.0000,0.0000,0.9166
292,0.04511,0.02391,0.00541,0.01579,0.26038,0.0000,0.0000,0.9697
293,0.03992,0.01905,0.00533,0.01555,0.26035,0.0000,0.0000,0.9809
294,0.03552,0.01474,0.00717,0.01360,0.26040,0.0000,0.0000,0.9565
295,0.03170,0.01182,0.00801,0.01187,0.26062,0.0000,0.0000,0.8961
296,0.02864,0.01081,0.00753,0.01029,0.26096,0.0000,0.0000,0.8291
297,0.02806,0.01034,0.00801,0.00970,0.26136,0.0000,0.0000,0.7876
298,0.03129,0.00974,0.01107,0.01048,0.26169,0.0000,0.0000,0.7539
299,0.03643,0.00956,0.01462,0.01226,0.26187,0.0000,0.0000,0.6996
300,0.04093,0.01109,0.01586,0.01398,0.26187,0.0000,0.0000,0.6547
301,0.04466,0.01387,0.01542,0.01537,0.26175,0.0000,0.0000,0.6327
302,0.04779,0.01743,0.01380,0.01657,0.26156,0.0000,0.0000,0.6299
303,0.05030,0.02073,0.01208,0.01749,0.26134,0.0000,0.0000,0.6601
304,0.05110,0.02238,0.01057,0.01816,0.26111,0.0000,0.0000,0.7195
305,0.04909,0.02202,0.00909,0.01797,0.26094,0.0000,0.0000,0.7886
306,0.04433,0.01878,0.00847,0.01708,0.26091,0.0000,0.0000,0.8484
307,0.03804,0.01412,0.00786,0.01606,0.26107,0.0000,0.0000,0.8678
308,0.03338,0.01025,0.00791,0.01522,0.26139,0.0000,0.0000,0.8479
309,0.03177,0.00827,0.00863,0.01486,0.26178,0.0000,0.0000,0.7979
310,0.03346,0.00790,0.00998,0.01557,0.26212,0.0000,0.0000,0.7434
311,0.03756,0.00923,0.01166,0.01667,0.26233,0.0000,0.0000,0.7010
312,0.04205,0.01221,0.01214,0.01771,0.26241,0.0000,0.0000,0.6878
313,0.04542,0.01542,0.01135,0.01864,0.26237,0.0000,0.0000,0.7042
314,0.03552,0.01205,0.01036,0.01311,0.26227,0.0000,0.0000,0.7522
315,0.02548,0.00942,0.00869,0.00738,0.26217,0.0000,0.0000,0.8228
316,0.01642,0.00780,0.00699,0.00164,0.26216,0.0000,0.0000,0.9129
317,0.01546,0.00656,0.00543,0.00348,0.26231,0.0000,0.0000,1.0250
318,0.01662,0.00499,0.00410,0.00753,0.26264,0.0000,0.0000,1.1481
319,0.01667,0.00288,0.00324,0.01055,0.26317,0.0000,0.0000,1.2895
320,0.01582,0.00080,0.00235,0.01266,0.26390,0.0000,0.0000,1.4393
321,0.01660,0.00115,0.00149,0.01395,0.26481,0.0000,0.0000,1.5863
322,0.01863,0.00335,0.00082,0.01446,0.26588,0.0000,0.0000,1.7004
323,0.02008,0.00537,0.00030,0.01441,0.26707,0.0000,0.0000,1.7582
324,0.02261,0.00674,0.00185,0.01401,0.26837,0.0000,0.0000,1.7650
325,0.02444,0.00759,0.00341,0.01345,0.26974,0.0000,0.0000,1.7303
326,0.02606,0.00831,0.00491,0.01284,0.27117,0.0000,0.0000,1.6442
327,0.02786,0.00905,0.00646,0.01235,0.27266,0.0000,0.0000,1.5741
328,0.02949,0.00946,0.00791,0.01211,0.27420,0.0000,0.0000,1.5527
329,0.03072,0.00948,0.00913,0.01211,0.27580,0.0000,0.0000,1.5842
330,0.03188,0.00950,0.01017,0.01220,0.27746,0.0000,0.0000,1.6746
331,0.03314,0.00978,0.01106,0.01231,0.27919,0.0000,0.0000,1.7969
332,0.03433,0.01021,0.01175,0.01237,0.28099,0.0000,0.0000,1.9028
333,0.03538,0.01074,0.01225,0.01239,0.28284,0.0000,0.0000,1.9599
334,0.03621,0.01123,0.01259,0.01239,0.28472,0.0000,0.0000,1.9615
335,0.03700,0.01130,0.01329,0.01241,0.28658,0.0000,0.0000,1.8978
336,0.03792,0.01071,0.01461,0.01260,0.28840,0.0000,0.0000,1.7654
337,0.03917,0.00981,0.01630,0.01306,0.29016,0.0000,0.0000,1.6025
338,0.04060,0.00902,0.01779,0.01379,0.29181,0.0000,0.0000,1.4864
339,0.04255,0.00834,0.01944,0.01477,0.29336,0.0000,0.0000,1.4045
340,0.04503,0.00768,0.02135,0.01600,0.29480,0.0000,0.0000,1.3444
341,0.04782,0.00704,0.02332,0.01747,0.29615,0.0000,0.0000,1.3068
342,0.05319,0.00789,0.02607,0.01922,0.29743,0.0000,0.0000,1.2769
343,0.05869,0.00888,0.02877,0.02104,0.29864,0.0000,0.0000,1.2306
344,0.06330,0.00944,0.03117,0.02269,0.29978,0.0000,0.0000,1.1553
345,0.06614,0.00932,0.03299,0.02382,0.30087,0.0000,0.0000,1.0594
346,0.06803,0.00891,0.03455,0.02457,0.30188,0.0000,0.0000,0.9501
347,0.06896,0.00814,0.03582,0.02500,0.30282,0.0000,0.0000,0.8400
348,0.06893,0.00708,0.03681,0.02504,0.30368,0.0000,0.0000,0.7320
349,0.06791,0.00577,0.03745,0.02469,0.30444,0.0000,0.0000,0.6340
350,0.06570,0.00414,0.03761,0.02394,0.30510,0.0000,0.0000,0.5482
351,0.06249,0.00217,0.03748,0.02283,0.30566,0.0000,0.0000,0.4775
352,0.05984,0.00030,0.03804,0.02151,0.30611,0.0000,0.0000,0.4227
353,0.06195,0.00252,0.03855,0.02088,0.30646,0.0000,0.0000,0.3871
354,0.06412,0.00269,0.03840,0.02302,0.30671,0.0000,0.0000,0.3681
355,0.06633,0.00138,0.03773,0.02722,0.30689,0.0000,0.0000,0.3521
356,0.06908,0.00059,0.03683,0.03167,0.30701,0.0000,0.0000,0.3355
357,0.07209,0.00056,0.03569,0.03584,0.30708,0.0000,0.0000,0.3255
358,0.07495,0.00091,0.03456,0.03949,0.30712,0.0000,0.0000,0.3252
359,0.07751,0.00138,0.03341,0.04271,0.30716,0.0000,0.0000,0.3305
360,0.07992,0.00214,0.03208,0.04569,0.30718,0.0000,0.0000,0.3376
361,0.08226,0.00311,0.03061,0.04853,0.30720,0.0000,0.0000,0.3478
362,0.08459,0.00425,0.02898,0.05136,0.30720,0.0000,0.0000,0.3565
363,0.08697,0.00540,0.02732,0.05425,0.30719,0.0000,0.0000,0.3660
364,0.08943,0.00657,0.02571,0.05714,0.30715,0.0000,0.0000,0.3745
365,0.09197,0.00783,0.02412,0.06002,0.30709,0.0000,0.0000,0.3879
366,0.09486,0.00955,0.02234,0.06297,0.30702,0.0000,0.0000,0.4071
367,0.09665,0.01010,0.02124,0.06531,0.30694,0.0000,0.0000,0.4381
368,0.09976,0.01210,0.01949,0.06817,0.30686,0.0000,0.0000,0.4688
369,0.10185,0.01309,0.01835,0.07041,0.30678,0.0000,0.0000,0.5219
370,0.10428,0.01416,0.01732,0.07281,0.30673,0.0000,0.0000,0.5860
371,0.10487,0.01296,0.01596,0.07594,0.30670,0.0000,0.0000,0.6303
372,0.10922,0.01513,0.01540,0.07869,0.30665,0.0000,0.0000,0.6652
373,0.11118,0.01443,0.01480,0.08195,0.30665,0.0000,0.0000,0.7342
374,0.11333,0.01444,0.01402,0.08487,0.30667,0.0000,0.0000,0.7501
375,0.11475,0.01527,0.01230,0.08718,0.30673,0.0000,0.0000,0.7898
376,0.11483,0.01552,0.01034,0.08897,0.30682,0.0000,0.0000,0.8018
377,0.11462,0.01579,0.00835,0.09048,0.30692,0.0000,0.0000,0.8255
378,0.11570,0.01678,0.00607,0.09284,0.30702,0.0000,0.0000,0.8256
379,0.11851,0.01926,0.00317,0.09608,0.30713,0.0000,0.0000,0.8299
380,0.12284,0.02192,0.00085,0.10006,0.30723,0.0000,0.0000,0.8345
381,0.12903,0.02402,0.00041,0.10459,0.30736,0.0000,0.0000,0.8308
382,0.13685,0.02602,0.00119,0.10964,0.30749,0.0000,0.0000,0.7890
383,0.14502,0.02846,0.00182,0.11474,0.30758,0.0000,0.0000,0.7461
384,0.15293,0.03192,0.00234,0.11867,0.30759,0.0000,0.0000,0.7360
385,0.16046,0.03521,0.00304,0.12221,0.30753,0.0000,0.0000,0.7666
386,0.16681,0.03775,0.00355,0.12551,0.30742,0.0000,0.0000,0.8264
387,0.17374,0.04042,0.00444,0.12888,0.30728,0.0000,0.0000,0.8841
388,0.17724,0.04171,0.00512,0.13042,0.30713,0.0000,0.0000,0.9255
389,0.17111,0.03899,0.00483,0.12729,0.30693,0.0000,0.0000,0.9284
390,0.16519,0.03660,0.00459,0.12399,0.30670,0.0000,0.0000,0.9204
391,0.15996,0.03486,0.00452,0.12058,0.30643,0.0000,0.0000,0.9372
392,0.15524,0.03350,0.00447,0.11727,0.30615,0.0000,0.0000,0.9504
393,0.15087,0.03251,0.00444,0.11392,0.30587,0.0000,0.0000,0.9843
394,0.14673,0.03180,0.00461,0.11031,0.30562,0.0000,0.0000,1.0003
395,0.14259,0.03109,0.00471,0.10678,0.30542,0.0000,0.0000,1.0135
396,0.13869,0.03034,0.00484,0.10351,0.30526,0.0000,0.0000,1.0247
397,0.13515,0.02963,0.00501,0.10051,0.30514,0.0000,0.0000,1.0241
398,0.13158,0.02888,0.00502,0.09767,0.30507,0.0000,0.0000,1.0201
399,0.12824,0.02813,0.00497,0.09514,0.30504,0.0000,0.0000,0.9972
400,0.12494,0.02733,0.00499,0.09262,0.30503,0.0000,0.0000,0.9663
401,0.12175,0.02666,0.00506,0.09003,0.30503,0.0000,0.0000,0.8957
402,0.11853,0.02606,0.00538,0.08708,0.30503,0.0000,0.0000,0.8690
403,0.11519,0.02565,0.00576,0.08378,0.30503,0.0000,0.0000,0.8456
404,0.11191,0.02530,0.00625,0.08036,0.30502,0.0000,0.0000,0.8112
405,0.10861,0.02493,0.00666,0.07702,0.30499,0.0000,0.0000,0.7970
406,0.10534,0.02461,0.00712,0.07361,0.30495,0.0000,0.0000,0.7774
407,0.10200,0.02427,0.00757,0.07016,0.30489,0.0000,0.0000,0.7803
408,0.09870,0.02388,0.00794,0.06688,0.30484,0.0000,0.0000,0.7919
409,0.09552,0.02349,0.00827,0.06376,0.30478,0.0000,0.0000,0.8040
410,0.09243,0.02304,0.00855,0.06085,0.30473,0.0000,0.0000,0.8158
411,0.08956,0.02254,0.00877,0.05825,0.30467,0.0000,0.0000,0.8342
412,0.08691,0.02198,0.00894,0.05598,0.30463,0.0000,0.0000,0.8651
413,0.08454,0.02140,0.00917,0.05397,0.30459,0.0000,0.0000,0.9064
414,0.08238,0.02073,0.00943,0.05222,0.30457,0.0000,0.0000,0.9433
415,0.08039,0.01998,0.00974,0.05067,0.30454,0.0000,0.0000,0.9611
416,0.07845,0.01920,0.01008,0.04917,0.30452,0.0000,0.0000,0.9501
417,0.07641,0.01836,0.01046,0.04760,0.30449,0.0000,0.0000,0.9375
418,0.07427,0.01752,0.01089,0.04587,0.30447,0.0000,0.0000,0.9261
419,0.07200,0.01667,0.01137,0.04396,0.30444,0.0000,0.0000,0.9178
420,0.06963,0.01582,0.01185,0.04196,0.30442,0.0000,0.0000,0.9125
421,0.06724,0.01496,0.01230,0.03999,0.30438,0.0000,0.0000,0.9114
422,0.06484,0.01405,0.01271,0.03809,0.30435,0.0000,0.0000,0.9149
423,0.06261,0.01316,0.01308,0.03637,0.30431,0.0000,0.0000,0.9180
424,0.06036,0.01221,0.01333,0.03482,0.30429,0.0000,0.0000,0.9147
425,0.05819,0.01126,0.01350,0.03343,0.30426,0.0000,0.0000,0.9068
426,0.05616,0.01037,0.01363,0.03216,0.30424,0.0000,0.0000,0.8917
427,0.05418,0.00955,0.01374,0.03089,0.30422,0.0000,0.0000,0.8755
428,0.05230,0.00883,0.01383,0.02964,0.30419,0.0000,0.0000,0.8587
429,0.05044,0.00810,0.01389,0.02844,0.30418,0.0000,0.0000,0.8416
430,0.04853,0.00736,0.01387,0.02730,0.30418,0.0000,0.0000,0.8251
431,0.04669,0.00668,0.01382,0.02619,0.30417,0.0000,0.0000,0.8057
432,0.04483,0.00605,0.01375,0.02503,0.30417,0.0000,0.0000,0.7882
433,0.04296,0.00551,0.01366,0.02379,0.30418,0.0000,0.0000,0.7690
434,0.04110,0.00498,0.01354,0.02259,0.30418,0.0000,0.0000,0.7534
435,0.03932,0.00447,0.01341,0.02144,0.30418,0.0000,0.0000,0.7372
436,0.03761,0.00398,0.01324,0.02038,0.30418,0.0000,0.0000,0.7211
437,0.03594,0.00353,0.01309,0.01931,0.30419,0.0000,0.0000,0.7065
438,0.03434,0.00316,0.01290,0.01828,0.30421,0.0000,0.0000,0.6914
439,0.03268,0.00277,0.01260,0.01731,0.30422,0.0000,0.0000,0.6809
440,0.03097,0.00234,0.01221,0.01641,0.30425,0.0000,0.0000,0.6738
441,0.02940,0.00194,0.01185,0.01561,0.30429,0.0000,0.0000,0.6656
442,0.02788,0.00156,0.01144,0.01488,0.30435,0.0000,0.0000,0.6604
443,0.02643,0.00123,0.01098,0.01422,0.30443,0.0000,0.0000,0.6547
444,0.02496,0.00088,0.01046,0.01362,0.30451,0.0000,0.0000,0.6504
445,0.02338,0.00047,0.00986,0.01305,0.30463,0.0000,0.0000,0.6493
446,0.02185,0.00011,0.00927,0.01246,0.30476,0.0000,0.0000,0.6480
447,0.02078,0.00022,0.00866,0.01190,0.30490,0.0000,0.0000,0.6503
448,0.01990,0.00053,0.00805,0.01132,0.30507,0.0000,0.0000,0.6537
449,0.01899,0.00078,0.00748,0.01073,0.30524,0.0000,0.0000,0.6625
450,0.01801,0.00102,0.00689,0.01009,0.30541,0.0000,0.0000,0.6724
451,0.01697,0.00129,0.00628,0.00941,0.30559,0.0000,0.0000,0.6853
452,0.01588,0.00154,0.00565,0.00870,0.30579,0.0000,0.0000,0.7031
453,0.01486,0.00168,0.00509,0.00809,0.30597,0.0000,0.0000,0.7237
454,0.01393,0.00175,0.00454,0.00764,0.30615,0.0000,0.0000,0.7498
455,0.01285,0.00171,0.00439,0.00674,0.30632,0.0000,0.0000,0.7767
456,0.01140,0.00294,0.00299,0.00546,0.30650,0.0000,0.0000,0.8138
457,0.00888,0.00349,0.00186,0.00352,0.30668,0.0000,0.0000,0.8739
458,0.00598,0.00422,0.00014,0.00163,0.30684,0.0000,0.0000,0.9804
459,0.00566,0.00413,0.00043,0.00110,0.30699,0.0000,0.0000,1.1473
460,0.00687,0.00443,0.00188,0.00055,0.30712,0.0000,0.0000,1.3351
461,0.00443,0.00303,0.00001,0.00139,0.30724,0.0000,0.0000,1.6414
462,0.00432,0.00194,0.00041,0.00197,0.30732,0.0000,0.0000,1.8968
463,0.00467,0.00002,0.00262,0.00203,0.30740,0.0000,0.0000,2.2446
464,0.00468,0.00133,0.00180,0.00155,0.30742,0.0000,0.0000,2.4696
465,0.00409,0.00243,0.00161,0.00005,0.30745,0.0000,0.0000,2.7412
466,0.00821,0.00482,0.00043,0.00296,0.30744,0.0000,0.0000,3.0126
467,0.00793,0.00474,0.00033,0.00286,0.30748,0.0000,0.0000,3.3925
468,0.01035,0.00557,0.00061,0.00417,0.30750,0.0000,0.0000,3.5281
469,0.01458,0.00636,0.00185,0.00637,0.30750,0.0000,0.0000,3.6764
470,0.01784,0.00683,0.00276,0.00824,0.30752,0.0000,0.0000,3.7604
471,0.01775,0.00708,0.00100,0.00968,0.30755,0.0000,0.0000,3.8706
472,0.02112,0.00744,0.00244,0.01125,0.30756,0.0000,0.0000,4.0144
473,0.02264,0.00762,0.00317,0.01185,0.30756,0.0000,0.0000,4.2233
474,0.02314,0.00739,0.00386,0.01189,0.30752,0.0000,0.0000,4.4574
475,0.02227,0.00689,0.00302,0.01237,0.30746,0.0000,0.0000,4.6345
476,0.02060,0.00628,0.00067,0.01366,0.30736,0.0000,0.0000,4.8211
477,0.02182,0.00586,0.00074,0.01522,0.30725,0.0000,0.0000,5.0349
478,0.02459,0.00538,0.00246,0.01675,0.30711,0.0000,0.0000,5.2766
479,0.02816,0.00495,0.00446,0.01875,0.30693,0.0000,0.0000,5.4482
480,0.02947,0.00539,0.00585,0.01823,0.30681,0.0000,0.0000,5.6365
481,0.02596,0.00379,0.00857,0.01360,0.30680,0.0000,0.0000,5.7866
482,0.02377,0.00277,0.01077,0.01023,0.30687,0.0000,0.0000,5.8535
483,0.02292,0.00219,0.01259,0.00814,0.30696,0.0000,0.0000,5.8692
484,0.02151,0.00127,0.01407,0.00617,0.30706,0.0000,0.0000,5.7989
485,0.02061,0.00040,0.01551,0.00470,0.30714,0.0000,0.0000,5.7081
486,0.01890,0.00028,0.01594,0.00268,0.30722,0.0000,0.0000,5.5789
487,0.01879,0.00091,0.01711,0.00077,0.30729,0.0000,0.0000,5.3911
488,0.01860,0.00169,0.01637,0.00053,0.30733,0.0000,0.0000,5.1678
489,0.02004,0.00280,0.01688,0.00036,0.30728,0.0000,0.0000,4.9011
490,0.02031,0.00319,0.01689,0.00023,0.30712,0.0000,0.0000,4.6636
491,0.02106,0.00334,0.01744,0.00028,0.30686,0.0000,0.0000,4.4010
492,0.02189,0.00341,0.01730,0.00117,0.30651,0.0000,0.0000,4.1860
493,0.02296,0.00313,0.01730,0.00253,0.30611,0.0000,0.0000,3.9554
494,0.02424,0.00269,0.01709,0.00446,0.30567,0.0000,0.0000,3.7509
495,0.02576,0.00230,0.01673,0.00672,0.30524,0.0000,0.0000,3.5246
496,0.02722,0.00186,0.01653,0.00883,0.30482,0.0000,0.0000,3.3518
497,0.02826,0.00144,0.01648,0.01033,0.30442,0.0000,0.0000,3.1819
498,0.02915,0.00138,0.01618,0.01160,0.30407,0.0000,0.0000,3.0635
499,0.02519,0.00881,0.01240,0.00398,0.30433,0.0000,0.0000,2.8230
500,0.02705,0.00487,0.01282,0.00936,0.30491,0.0000,0.0000,2.8384
501,0.03330,0.00104,0.01509,0.01717,0.30528,0.0000,0.0000,2.5222
502,0.04180,0.00397,0.01519,0.02264,0.30546,0.0000,0.0000,2.3523
503,0.03828,0.00250,0.01610,0.01967,0.30540,0.0000,0.0000,2.2823
504,0.03275,0.00026,0.01727,0.01522,0.30518,0.0000,0.0000,2.2005
505,0.03317,0.00223,0.01729,0.01365,0.30491,0.0000,0.0000,2.0573
506,0.03354,0.00170,0.01588,0.01597,0.30476,0.0000,0.0000,2.0416
507,0.03432,0.00024,0.01530,0.01879,0.30478,0.0000,0.0000,1.9107
508,0.03543,0.00071,0.01568,0.01904,0.30494,0.0000,0.0000,1.9661
509,0.03497,0.00095,0.01574,0.01829,0.30522,0.0000,0.0000,1.9343
510,0.03225,0.00016,0.01512,0.01697,0.30555,0.0000,0.0000,1.9272
511,0.03105,0.00002,0.01439,0.01665,0.30590,0.0000,0.0000,1.9650
512,0.03116,0.00033,0.01520,0.01562,0.30620,0.0000,0.0000,2.0387
513,0.03071,0.00068,0.01465,0.01539,0.30644,0.0000,0.0000,2.1159
514,0.02996,0.00083,0.01492,0.01421,0.30662,0.0000,0.0000,2.0819
515,0.02877,0.00117,0.01508,0.01251,0.30674,0.0000,0.0000,2.1498
516,0.02799,0.00148,0.01481,0.01170,0.30681,0.0000,0.0000,2.2046
517,0.02827,0.00207,0.01381,0.01240,0.30689,0.0000,0.0000,2.2129
518,0.02863,0.00232,0.01301,0.01330,0.30700,0.0000,0.0000,2.2544
519,0.02902,0.00259,0.01239,0.01403,0.30713,0.0000,0.0000,2.3402
520,0.02890,0.00283,0.01211,0.01396,0.30726,0.0000,0.0000,2.4105
521,0.02864,0.00323,0.01177,0.01364,0.30737,0.0000,0.0000,2.4564
522,0.02869,0.00378,0.01137,0.01354,0.30748,0.0000,0.0000,2.5292
523,0.02884,0.00457,0.01166,0.01261,0.30756,0.0000,0.0000,2.5696
524,0.02878,0.00559,0.01149,0.01169,0.30764,0.0000,0.0000,2.6810
525,0.02841,0.00650,0.01117,0.01074,0.30772,0.0000,0.0000,2.7826
526,0.02812,0.00759,0.01086,0.00968,0.30779,0.0000,0.0000,2.7785
527,0.02773,0.00876,0.01049,0.00847,0.30784,0.0000,0.0000,2.8269
528,0.02704,0.00974,0.00988,0.00742,0.30787,0.0000,0.0000,2.8852
529,0.02600,0.01026,0.00908,0.00665,0.30789,0.0000,0.0000,2.8716
530,0.02572,0.01126,0.00813,0.00634,0.30797,0.0000,0.0000,2.5994
531,0.02420,0.01224,0.00689,0.00508,0.30805,0.0000,0.0000,3.2417
532,0.02353,0.01291,0.00728,0.00334,0.30802,0.0000,0.0000,3.3989
533,0.02072,0.01186,0.00816,0.00070,0.30786,0.0000,0.0000,3.4495
534,0.02415,0.01231,0.00930,0.00254,0.30761,0.0000,0.0000,3.4048
535,0.03180,0.01507,0.01028,0.00645,0.30732,0.0000,0.0000,3.4179
536,0.03757,0.01812,0.01057,0.00889,0.30703,0.0000,0.0000,3.5181
537,0.04235,0.01917,0.01106,0.01212,0.30669,0.0000,0.0000,3.6469
538,0.04144,0.01823,0.00996,0.01325,0.30637,0.0000,0.0000,3.7259
539,0.04301,0.01702,0.01103,0.01496,0.30602,0.0000,0.0000,3.7157
540,0.04104,0.01487,0.01029,0.01588,0.30568,0.0000,0.0000,3.6680
541,0.03976,0.01495,0.00991,0.01490,0.30536,0.0000,0.0000,3.5176
542,0.03654,0.01507,0.00835,0.01313,0.30506,0.0000,0.0000,3.3312
543,0.03163,0.01414,0.00689,0.01059,0.30475,0.0000,0.0000,3.1716
544,0.02708,0.01228,0.00646,0.00835,0.30444,0.0000,0.0000,3.0210
545,0.02594,0.01226,0.00702,0.00666,0.30413,0.0000,0.0000,2.9440
546,0.03150,0.01606,0.00917,0.00628,0.30382,0.0000,0.0000,2.9168
547,0.03508,0.01763,0.01113,0.00632,0.30352,0.0000,0.0000,2.9534
548,0.03878,0.01858,0.01311,0.00709,0.30325,0.0000,0.0000,2.9978
549,0.04145,0.01890,0.01460,0.00794,0.30301,0.0000,0.0000,3.0028
550,0.04347,0.01833,0.01625,0.00889,0.30279,0.0000,0.0000,2.9961
551,0.04419,0.01672,0.01764,0.00983,0.30262,0.0000,0.0000,2.9399
552,0.04338,0.01557,0.01807,0.00975,0.30252,0.0000,0.0000,2.7692
553,0.04148,0.01401,0.01783,0.00964,0.30248,0.0000,0.0000,2.4590
554,0.03897,0.01228,0.01727,0.00942,0.30248,0.0000,0.0000,2.0795
555,0.03605,0.01023,0.01666,0.00917,0.30249,0.0000,0.0000,1.7005
556,0.03251,0.00798,0.01601,0.00853,0.30247,0.0000,0.0000,1.3436
557,0.02855,0.00553,0.01547,0.00756,0.30240,0.0000,0.0000,1.0535
558,0.02548,0.00364,0.01508,0.00676,0.30225,0.0000,0.0000,0.8345
559,0.02421,0.00285,0.01481,0.00655,0.30201,0.0000,0.0000,0.6773
560,0.02276,0.00198,0.01428,0.00651,0.30168,0.0000,0.0000,0.5600
561,0.02123,0.00093,0.01388,0.00642,0.30128,0.0000,0.0000,0.4720
562,0.02002,0.00010,0.01351,0.00641,0.30083,0.0000,0.0000,0.4038
563,0.02057,0.00097,0.01315,0.00646,0.30036,0.0000,0.0000,0.3535
564,0.02105,0.00165,0.01270,0.00669,0.29991,0.0000,0.0000,0.3124
565,0.02177,0.00247,0.01222,0.00709,0.29949,0.0000,0.0000,0.2763
566,0.02226,0.00294,0.01171,0.00761,0.29912,0.0000,0.0000,0.2470
567,0.02169,0.00318,0.01085,0.00766,0.29881,0.0000,0.0000,0.2232
568,0.02113,0.00429,0.00991,0.00694,0.29854,0.0000,0.0000,0.2117
569,0.02059,0.00517,0.00942,0.00600,0.29832,0.0000,0.0000,0.2044
570,0.02040,0.00604,0.00894,0.00542,0.29812,0.0000,0.0000,0.2085
571,0.02033,0.00672,0.00864,0.00497,0.29796,0.0000,0.0000,0.2140
572,0.02062,0.00745,0.00852,0.00464,0.29781,0.0000,0.0000,0.2267
573,0.02087,0.00808,0.00853,0.00425,0.29767,0.0000,0.0000,0.2318
574,0.02100,0.00858,0.00853,0.00389,0.29753,0.0000,0.0000,0.2341
575,0.02110,0.00896,0.00852,0.00362,0.29740,0.0000,0.0000,0.2360
576,0.02143,0.00929,0.00857,0.00357,0.29727,0.0000,0.0000,0.2383
577,0.02161,0.00951,0.00868,0.00342,0.29714,0.0000,0.0000,0.2396
578,0.02150,0.00966,0.00873,0.00311,0.29700,0.0000,0.0000,0.2418
579,0.02143,0.00980,0.00879,0.00284,0.29686,0.0000,0.0000,0.2469
580,0.02109,0.00991,0.00872,0.00246,0.29672,0.0000,0.0000,0.2543
581,0.02049,0.01007,0.00860,0.00181,0.29656,0.0000,0.0000,0.2660
582,0.01996,0.01024,0.00857,0.00114,0.29642,0.0000,0.0000,0.2804
583,0.01790,0.00935,0.00837,0.00018,0.29628,0.0000,0.0000,0.2977
584,0.01768,0.00926,0.00814,0.00028,0.29614,0.0000,0.0000,0.3235
585,0.01822,0.00978,0.00768,0.00077,0.29601,0.0000,0.0000,0.3451
586,0.01843,0.00850,0.00828,0.00164,0.29591,0.0000,0.0000,0.3619
587,0.02013,0.00938,0.00690,0.00385,0.29585,0.0000,0.0000,0.3942
588,0.01825,0.00704,0.00715,0.00407,0.29577,0.0000,0.0000,0.4099
589,0.02431,0.01069,0.00739,0.00622,0.29571,0.0000,0.0000,0.4406
590,0.02488,0.00827,0.01081,0.00581,0.29567,0.0000,0.0000,0.4470
591,0.02365,0.00686,0.01006,0.00673,0.29566,0.0000,0.0000,0.4696
592,0.02954,0.00841,0.00944,0.01169,0.29566,0.0000,0.0000,0.4965
593,0.03113,0.00496,0.01219,0.01398,0.29567,0.0000,0.0000,0.5081
594,0.02794,0.00073,0.01286,0.01435,0.29571,0.0000,0.0000,0.5622
595,0.03022,0.00296,0.01058,0.01668,0.29575,0.0000,0.0000,0.6428
596,0.03102,0.00265,0.01188,0.01650,0.29576,0.0000,0.0000,0.6766
597,0.03082,0.00270,0.01146,0.01666,0.29580,0.0000,0.0000,0.7166
598,0.02935,0.00177,0.01063,0.01695,0.29586,0.0000,0.0000,0.7048
599,0.02631,0.00076,0.01025,0.01531,0.29590,0.0000,0.0000,0.7061
600,0.02408,0.00044,0.00953,0.01411,0.29592,0.0000,0.0000,0.6986
601,0.02231,0.00005,0.00873,0.01353,0.29592,0.0000,0.0000,0.6691
602,0.02369,0.00147,0.00755,0.01466,0.29592,0.0000,0.0000,0.6235
603,0.02411,0.00019,0.00778,0.01614,0.29589,0.0000,0.0000,0.5909
604,0.03213,0.00625,0.00893,0.01695,0.29580,0.0000,0.0000,0.5655
605,0.03022,0.00280,0.00901,0.01842,0.29569,0.0000,0.0000,0.4796
606,0.03544,0.00520,0.00751,0.02273,0.29561,0.0000,0.0000,0.4825
607,0.03797,0.00480,0.01046,0.02271,0.29551,0.0000,0.0000,0.4476
608,0.03494,0.00262,0.01176,0.02056,0.29541,0.0000,0.0000,0.5021
609,0.03400,0.00369,0.01144,0.01887,0.29530,0.0000,0.0000,0.6144
610,0.03430,0.00493,0.01063,0.01874,0.29519,0.0000,0.0000,0.7452
611,0.03269,0.00487,0.01003,0.01779,0.29508,0.0000,0.0000,0.8145
612,0.02992,0.00413,0.00929,0.01650,0.29499,0.0000,0.0000,0.8390
613,0.02868,0.00503,0.00962,0.01402,0.29490,0.0000,0.0000,0.8529
614,0.02719,0.00531,0.00924,0.01264,0.29484,0.0000,0.0000,0.8574
615,0.02537,0.00539,0.00861,0.01137,0.29483,0.0000,0.0000,0.8481
616,0.02284,0.00487,0.00787,0.01009,0.29488,0.0000,0.0000,0.8150
617,0.01943,0.00444,0.00735,0.00764,0.29495,0.0000,0.0000,0.7569
618,0.01461,0.00366,0.00741,0.00353,0.29501,0.0000,0.0000,0.7922
619,0.01018,0.00282,0.00684,0.00053,0.29508,0.0000,0.0000,0.8714
620,0.01004,0.00345,0.00586,0.00074,0.29515,0.0000,0.0000,0.9216
621,0.00992,0.00368,0.00567,0.00056,0.29528,0.0000,0.0000,0.9196
622,0.01198,0.00500,0.00406,0.00291,0.29552,0.0000,0.0000,0.8958
623,0.01171,0.00472,0.00313,0.00386,0.29584,0.0000,0.0000,0.8834
624,0.00803,0.00265,0.00332,0.00206,0.29616,0.0000,0.0000,0.8497
625,0.00505,0.00119,0.00309,0.00077,0.29646,0.0000,0.0000,0.8765
626,0.00982,0.00407,0.00409,0.00166,0.29671,0.0000,0.0000,0.8933
627,0.01309,0.00572,0.00534,0.00203,0.29693,0.0000,0.0000,0.8959
628,0.02472,0.01256,0.00670,0.00546,0.29711,0.0000,0.0000,0.8308
629,0.02966,0.01371,0.00741,0.00854,0.29728,0.0000,0.0000,0.7570
630,0.03137,0.01224,0.00760,0.01152,0.29737,0.0000,0.0000,0.6514
631,0.03861,0.01266,0.00736,0.01859,0.29733,0.0000,0.0000,0.5835
632,0.03948,0.01272,0.00422,0.02254,0.29721,0.0000,0.0000,0.6012
633,0.03009,0.00367,0.00178,0.02464,0.29697,0.0000,0.0000,0.6460
634,0.02485,0.00111,0.00108,0.02266,0.29673,0.0000,0.0000,0.6677
635,0.02192,0.00359,0.00004,0.01829,0.29658,0.0000,0.0000,0.6618
636,0.02106,0.00608,0.00067,0.01431,0.29647,0.0000,0.0000,0.6178
637,0.02243,0.01002,0.00114,0.01127,0.29639,0.0000,0.0000,0.5575
638,0.02453,0.01269,0.00034,0.01151,0.29630,0.0000,0.0000,0.5108
639,0.03055,0.01499,0.00227,0.01328,0.29617,0.0000,0.0000,0.5450
640,0.03644,0.01551,0.00505,0.01587,0.29599,0.0000,0.0000,0.6717
641,0.03677,0.01327,0.00558,0.01791,0.29574,0.0000,0.0000,0.7924
642,0.04303,0.01743,0.00540,0.02020,0.29547,0.0000,0.0000,0.9162
643,0.04390,0.02088,0.00475,0.01828,0.29528,0.0000,0.0000,1.1724
644,0.04356,0.02284,0.00441,0.01632,0.29516,0.0000,0.0000,1.4436
645,0.04363,0.02481,0.00379,0.01504,0.29513,0.0000,0.0000,1.6927
646,0.04401,0.02657,0.00291,0.01453,0.29515,0.0000,0.0000,1.9726
647,0.04722,0.02645,0.00334,0.01743,0.29517,0.0000,0.0000,2.3330
648,0.05245,0.02772,0.00255,0.02219,0.29518,0.0000,0.0000,2.6259
649,0.05201,0.02866,0.00079,0.02255,0.29517,0.0000,0.0000,2.9145
650,0.05623,0.03076,0.00051,0.02496,0.29511,0.0000,0.0000,3.2806
651,0.05978,0.03246,0.00005,0.02728,0.29508,0.0000,0.0000,3.7163
652,0.06473,0.03489,0.00267,0.02717,0.29511,0.0000,0.0000,3.9940
653,0.06905,0.03786,0.00489,0.02630,0.29513,0.0000,0.0000,4.3368
654,0.06979,0.03943,0.00517,0.02518,0.29513,0.0000,0.0000,4.6993
655,0.06985,0.04024,0.00431,0.02530,0.29509,0.0000,0.0000,5.0059
656,0.06756,0.03899,0.00421,0.02435,0.29500,0.0000,0.0000,5.2146
657,0.06674,0.03813,0.00449,0.02411,0.29486,0.0000,0.0000,5.3402
658,0.06645,0.03759,0.00465,0.02422,0.29472,0.0000,0.0000,5.4548
659,0.06659,0.03739,0.00482,0.02438,0.29460,0.0000,0.0000,5.4710
660,0.06669,0.03701,0.00538,0.02429,0.29454,0.0000,0.0000,5.4552
661,0.06632,0.03633,0.00618,0.02382,0.29455,0.0000,0.0000,5.3599
662,0.06547,0.03521,0.00711,0.02314,0.29462,0.0000,0.0000,5.2648
663,0.06379,0.03388,0.00794,0.02196,0.29470,0.0000,0.0000,5.1732
664,0.06196,0.03255,0.00792,0.02149,0.29478,0.0000,0.0000,5.0080
665,0.06208,0.03212,0.00830,0.02166,0.29479,0.0000,0.0000,4.7598
666,0.06280,0.03217,0.00978,0.02085,0.29475,0.0000,0.0000,4.5220
667,0.06276,0.03176,0.01085,0.02015,0.29462,0.0000,0.0000,4.3407
668,0.06241,0.03143,0.01156,0.01941,0.29441,0.0000,0.0000,4.1634
669,0.06171,0.03118,0.01174,0.01879,0.29414,0.0000,0.0000,3.9661
670,0.06110,0.03095,0.01268,0.01747,0.29386,0.0000,0.0000,3.8424
671,0.05906,0.02994,0.01284,0.01628,0.29357,0.0000,0.0000,3.7021
672,0.05719,0.02899,0.01290,0.01530,0.29328,0.0000,0.0000,3.5729
673,0.05605,0.02837,0.01330,0.01437,0.29299,0.0000,0.0000,3.4988
674,0.05457,0.02754,0.01381,0.01322,0.29271,0.0000,0.0000,3.3910
675,0.05311,0.02664,0.01383,0.01263,0.29245,0.0000,0.0000,3.3373
676,0.05245,0.02583,0.01408,0.01254,0.29220,0.0000,0.0000,3.2310
677,0.05229,0.02512,0.01438,0.01279,0.29196,0.0000,0.0000,3.2158
678,0.05232,0.02433,0.01464,0.01336,0.29171,0.0000,0.0000,3.1387
679,0.05211,0.02347,0.01516,0.01348,0.29147,0.0000,0.0000,3.0922
680,0.05200,0.02277,0.01551,0.01372,0.29123,0.0000,0.0000,3.0665
681,0.05065,0.02154,0.01605,0.01306,0.29101,0.0000,0.0000,3.0268
682,0.04813,0.01971,0.01672,0.01170,0.29083,0.0000,0.0000,2.9706
683,0.04637,0.01829,0.01740,0.01067,0.29068,0.0000,0.0000,2.9230
684,0.04591,0.01733,0.01820,0.01039,0.29055,0.0000,0.0000,2.8836
685,0.04661,0.01676,0.01906,0.01078,0.29043,0.0000,0.0000,2.8761
686,0.04763,0.01621,0.02004,0.01139,0.29030,0.0000,0.0000,2.8983
687,0.04830,0.01550,0.02094,0.01186,0.29016,0.0000,0.0000,2.9468
688,0.04832,0.01464,0.02164,0.01203,0.29001,0.0000,0.0000,3.0086
689,0.04776,0.01369,0.02210,0.01197,0.28988,0.0000,0.0000,3.0659
690,0.04670,0.01262,0.02247,0.01161,0.28976,0.0000,0.0000,3.1155
691,0.04528,0.01143,0.02290,0.01095,0.28966,0.0000,0.0000,3.1618
692,0.04431,0.01046,0.02353,0.01032,0.28959,0.0000,0.0000,3.2076
693,0.04415,0.00982,0.02434,0.00999,0.28953,0.0000,0.0000,3.2581
694,0.04456,0.00938,0.02520,0.00998,0.28948,0.0000,0.0000,3.3131
695,0.04505,0.00890,0.02603,0.01012,0.28942,0.0000,0.0000,3.3788
696,0.04553,0.00835,0.02681,0.01037,0.28936,0.0000,0.0000,3.4556
697,0.04575,0.00772,0.02750,0.01052,0.28930,0.0000,0.0000,3.5341
698,0.04549,0.00696,0.02802,0.01050,0.28925,0.0000,0.0000,3.6071
699,0.04478,0.00605,0.02846,0.01026,0.28922,0.0000,0.0000,3.6754
700,0.04386,0.00504,0.02889,0.00993,0.28922,0.0000,0.0000,3.7449
701,0.04311,0.00409,0.02936,0.00966,0.28924,0.0000,0.0000,3.8101
702,0.04385,0.00352,0.03141,0.00893,0.28928,0.0000,0.0000,3.8752
703,0.04774,0.00380,0.03711,0.00683,0.28933,0.0000,0.0000,3.9348
704,0.05024,0.00429,0.03980,0.00615,0.28935,0.0000,0.0000,3.9604
705,0.04929,0.00440,0.03818,0.00670,0.28935,0.0000,0.0000,3.8836
706,0.04727,0.00404,0.03584,0.00739,0.28932,0.0000,0.0000,3.6272
707,0.04563,0.00343,0.03455,0.00765,0.28927,0.0000,0.0000,3.2580
708,0.04377,0.00272,0.03359,0.00746,0.28924,0.0000,0.0000,2.8567
709,0.04090,0.00204,0.03211,0.00675,0.28927,0.0000,0.0000,2.4396
710,0.03858,0.00155,0.03183,0.00520,0.28939,0.0000,0.0000,1.9773
711,0.03545,0.00094,0.03096,0.00356,0.28961,0.0000,0.0000,1.5309
712,0.03225,0.00060,0.02938,0.00228,0.28992,0.0000,0.0000,1.1616
713,0.03108,0.00125,0.02759,0.00225,0.29028,0.0000,0.0000,0.8739
714,0.03034,0.00171,0.02575,0.00287,0.29063,0.0000,0.0000,0.6549
715,0.03000,0.00210,0.02429,0.00361,0.29096,0.0000,0.0000,0.4997
716,0.03019,0.00276,0.02311,0.00432,0.29124,0.0000,0.0000,0.4024
717,0.03012,0.00335,0.02184,0.00493,0.29147,0.0000,0.0000,0.3479
718,0.02983,0.00385,0.02042,0.00556,0.29166,0.0000,0.0000,0.3268
719,0.02969,0.00433,0.01901,0.00634,0.29183,0.0000,0.0000,0.3339
720,0.02923,0.00476,0.01766,0.00680,0.29200,0.0000,0.0000,0.3684
721,0.02742,0.00479,0.01622,0.00641,0.29221,0.0000,0.0000,0.4284
722,0.02191,0.00256,0.01504,0.00430,0.29248,0.0000,0.0000,0.5049
723,0.02151,0.00322,0.01414,0.00416,0.29276,0.0000,0.0000,0.5850
724,0.02053,0.00322,0.01292,0.00438,0.29305,0.0000,0.0000,0.6834
725,0.02019,0.00321,0.01168,0.00530,0.29331,0.0000,0.0000,0.8147
726,0.02049,0.00331,0.01080,0.00638,0.29355,0.0000,0.0000,0.9817
727,0.02068,0.00341,0.01011,0.00716,0.29375,0.0000,0.0000,1.1715
728,0.02020,0.00335,0.00939,0.00745,0.29394,0.0000,0.0000,1.3683
729,0.01882,0.00292,0.00864,0.00726,0.29412,0.0000,0.0000,1.5567
730,0.01722,0.00239,0.00778,0.00706,0.29430,0.0000,0.0000,1.7336
731,0.01558,0.00190,0.00672,0.00696,0.29449,0.0000,0.0000,1.9040
732,0.01499,0.00183,0.00604,0.00713,0.29466,0.0000,0.0000,2.0776
733,0.01520,0.00204,0.00570,0.00747,0.29480,0.0000,0.0000,2.2225
734,0.01574,0.00231,0.00563,0.00780,0.29493,0.0000,0.0000,2.3237
735,0.01617,0.00254,0.00568,0.00795,0.29504,0.0000,0.0000,2.3986
736,0.01597,0.00243,0.00569,0.00784,0.29515,0.0000,0.0000,2.4538
737,0.01516,0.00211,0.00546,0.00759,0.29527,0.0000,0.0000,2.4780
738,0.01439,0.00181,0.00519,0.00739,0.29541,0.0000,0.0000,2.4780
739,0.01377,0.00158,0.00497,0.00722,0.29555,0.0000,0.0000,2.4489
740,0.01363,0.00153,0.00484,0.00726,0.29569,0.0000,0.0000,2.4091
741,0.01374,0.00157,0.00479,0.00739,0.29581,0.0000,0.0000,2.3711
742,0.01417,0.00175,0.00474,0.00767,0.29592,0.0000,0.0000,2.3395
743,0.01462,0.00193,0.00475,0.00794,0.29601,0.0000,0.0000,2.3096
744,0.01484,0.00199,0.00484,0.00801,0.29608,0.0000,0.0000,2.2813
745,0.01474,0.00185,0.00503,0.00785,0.29616,0.0000,0.0000,2.2479
746,0.01446,0.00164,0.00518,0.00763,0.29625,0.0000,0.0000,2.2093
747,0.01419,0.00141,0.00537,0.00741,0.29635,0.0000,0.0000,2.1612
748,0.01415,0.00130,0.00552,0.00733,0.29647,0.0000,0.0000,2.1034
749,0.03232,0.00360,0.01793,0.01080,0.29705,0.0000,0.0000,2.2049
750,0.02371,0.00117,0.01127,0.01128,0.29764,0.0000,0.0000,1.7531
751,0.01309,0.00103,0.00143,0.01063,0.29800,0.0000,0.0000,1.8654
752,0.01511,0.00147,0.00357,0.01007,0.29817,0.0000,0.0000,2.2251
753,0.01229,0.00042,0.00148,0.01038,0.29827,0.0000,0.0000,2.3956
754,0.01345,0.00104,0.00240,0.01001,0.29841,0.0000,0.0000,2.3156
755,0.01567,0.00171,0.00511,0.00885,0.29861,0.0000,0.0000,2.2100
756,0.01473,0.00141,0.00619,0.00714,0.29888,0.0000,0.0000,1.9748
757,0.01483,0.00179,0.00658,0.00646,0.29916,0.0000,0.0000,1.8326
758,0.01511,0.00240,0.00643,0.00628,0.29939,0.0000,0.0000,1.6063
759,0.01497,0.00277,0.00617,0.00603,0.29956,0.0000,0.0000,1.4827
760,0.01492,0.00298,0.00618,0.00576,0.29964,0.0000,0.0000,1.3978
761,0.01626,0.00402,0.00607,0.00618,0.29967,0.0000,0.0000,1.3285
762,0.01731,0.00473,0.00587,0.00671,0.29968,0.0000,0.0000,1.2947
763,0.01773,0.00510,0.00568,0.00695,0.29968,0.0000,0.0000,1.2573
764,0.01901,0.00605,0.00546,0.00749,0.29971,0.0000,0.0000,1.2133
765,0.01934,0.00637,0.00523,0.00774,0.29976,0.0000,0.0000,1.2001
766,0.01971,0.00661,0.00523,0.00786,0.29980,0.0000,0.0000,1.1541
767,0.02013,0.00685,0.00526,0.00802,0.29983,0.0000,0.0000,1.1706
768,0.02023,0.00693,0.00507,0.00823,0.29988,0.0000,0.0000,1.1806
769,0.02156,0.00758,0.00506,0.00893,0.29994,0.0000,0.0000,1.1961
770,0.02259,0.00787,0.00513,0.00959,0.30001,0.0000,0.0000,1.1658
771,0.02410,0.00872,0.00492,0.01046,0.30009,0.0000,0.0000,1.2039
772,0.02509,0.00941,0.00482,0.01086,0.30018,0.0000,0.0000,1.2514
773,0.02284,0.00818,0.00531,0.00935,0.30033,0.0000,0.0000,1.2903
774,0.01896,0.00603,0.00578,0.00716,0.30051,0.0000,0.0000,1.2814
775,0.01723,0.00517,0.00588,0.00617,0.30070,0.0000,0.0000,1.2198
776,0.01811,0.00569,0.00555,0.00687,0.30085,0.0000,0.0000,1.2368
777,0.01950,0.00650,0.00522,0.00778,0.30094,0.0000,0.0000,1.1704
778,0.02000,0.00653,0.00527,0.00820,0.30096,0.0000,0.0000,1.1535
779,0.02076,0.00677,0.00537,0.00862,0.30093,0.0000,0.0000,1.1617
780,0.02341,0.00783,0.00618,0.00940,0.30090,0.0000,0.0000,1.0449
781,0.02318,0.00779,0.00570,0.00968,0.30088,0.0000,0.0000,1.3275
782,0.02258,0.00735,0.00551,0.00972,0.30084,0.0000,0.0000,1.3514
783,0.02222,0.00691,0.00571,0.00960,0.30078,0.0000,0.0000,1.3312
784,0.02214,0.00669,0.00595,0.00949,0.30070,0.0000,0.0000,1.3207
785,0.02436,0.00719,0.00670,0.01047,0.30064,0.0000,0.0000,1.3518
786,0.02607,0.00772,0.00725,0.01110,0.30059,0.0000,0.0000,1.3932
787,0.02698,0.00809,0.00753,0.01136,0.30058,0.0000,0.0000,1.4113
788,0.02635,0.00811,0.00720,0.01103,0.30062,0.0000,0.0000,1.4103
789,0.02517,0.00803,0.00677,0.01037,0.30068,0.0000,0.0000,1.3813
790,0.02429,0.00805,0.00636,0.00989,0.30073,0.0000,0.0000,1.3370
791,0.02431,0.00835,0.00603,0.00993,0.30076,0.0000,0.0000,1.2832
792,0.02510,0.00915,0.00572,0.01023,0.30073,0.0000,0.0000,1.2429
793,0.02580,0.01002,0.00538,0.01041,0.30067,0.0000,0.0000,1.2242
794,0.02613,0.01066,0.00509,0.01038,0.30060,0.0000,0.0000,1.2167
795,0.02605,0.01105,0.00485,0.01016,0.30052,0.0000,0.0000,1.2029
796,0.02580,0.01132,0.00469,0.00980,0.30044,0.0000,0.0000,1.1879
797,0.02543,0.01152,0.00462,0.00929,0.30037,0.0000,0.0000,1.1720
798,0.02492,0.01169,0.00456,0.00867,0.30030,0.0000,0.0000,1.1515
799,0.02454,0.01188,0.00453,0.00813,0.30025,0.0000,0.0000,1.1213
800,0.02446,0.01219,0.00447,0.00780,0.30020,0.0000,0.0000,1.0894
801,0.02489,0.01277,0.00436,0.00776,0.30014,0.0000,0.0000,1.0657
802,0.02563,0.01343,0.00424,0.00796,0.30007,0.0000,0.0000,1.0466
803,0.02626,0.01393,0.00415,0.00819,0.29999,0.0000,0.0000,1.0337
804,0.02667,0.01419,0.00418,0.00830,0.29990,0.0000,0.0000,1.0232
805,0.02701,0.01441,0.00425,0.00835,0.29982,0.0000,0.0000,1.0182
806,0.02736,0.01472,0.00428,0.00837,0.29974,0.0000,0.0000,1.0194
807,0.02762,0.01496,0.00435,0.00830,0.29967,0.0000,0.0000,1.0252
808,0.02743,0.01505,0.00447,0.00791,0.29963,0.0000,0.0000,1.0357
809,0.02683,0.01499,0.00460,0.00723,0.29961,0.0000,0.0000,1.0441
810,0.02620,0.01487,0.00476,0.00656,0.29960,0.0000,0.0000,1.0455
811,0.02581,0.01477,0.00488,0.00615,0.29960,0.0000,0.0000,1.0445
812,0.02592,0.01485,0.00497,0.00609,0.29960,0.0000,0.0000,1.0495
813,0.02640,0.01501,0.00510,0.00628,0.29958,0.0000,0.0000,1.0600
814,0.02695,0.01518,0.00528,0.00649,0.29956,0.0000,0.0000,1.0696
815,0.02736,0.01529,0.00546,0.00660,0.29952,0.0000,0.0000,1.0846
816,0.02756,0.01537,0.00569,0.00651,0.29948,0.0000,0.0000,1.1026
817,0.02752,0.01532,0.00597,0.00622,0.29945,0.0000,0.0000,1.1170
818,0.02731,0.01522,0.00623,0.00585,0.29942,0.0000,0.0000,1.1271
819,0.02710,0.01510,0.00650,0.00551,0.29940,0.0000,0.0000,1.1338
820,0.02704,0.01503,0.00671,0.00530,0.29939,0.0000,0.0000,1.1331
821,0.02716,0.01501,0.00694,0.00521,0.29937,0.0000,0.0000,1.1334
822,0.02739,0.01501,0.00716,0.00521,0.29936,0.0000,0.0000,1.1364
823,0.02757,0.01496,0.00737,0.00524,0.29935,0.0000,0.0000,1.1424
824,0.02761,0.01482,0.00756,0.00523,0.29934,0.0000,0.0000,1.1504
825,0.02755,0.01464,0.00772,0.00519,0.29934,0.0000,0.0000,1.1620
826,0.02743,0.01444,0.00789,0.00510,0.29934,0.0000,0.0000,1.1757
827,0.02729,0.01427,0.00805,0.00497,0.29934,0.0000,0.0000,1.1885
828,0.02710,0.01409,0.00820,0.00481,0.29935,0.0000,0.0000,1.2014
829,0.02686,0.01390,0.00834,0.00461,0.29936,0.0000,0.0000,1.2116
830,0.02659,0.01368,0.00848,0.00444,0.29938,0.0000,0.0000,1.2205
831,0.02646,0.01352,0.00860,0.00434,0.29940,0.0000,0.0000,1.2239
832,0.02644,0.01343,0.00869,0.00432,0.29941,0.0000,0.0000,1.2291
833,0.02647,0.01337,0.00876,0.00433,0.29942,0.0000,0.0000,1.2371
834,0.02649,0.01331,0.00885,0.00433,0.29943,0.0000,0.0000,1.2467
835,0.02641,0.01320,0.00894,0.00427,0.29944,0.0000,0.0000,1.2554
836,0.02625,0.01306,0.00903,0.00417,0.29945,0.0000,0.0000,1.2639
837,0.02609,0.01291,0.00912,0.00406,0.29946,0.0000,0.0000,1.2704
838,0.02597,0.01278,0.00921,0.00398,0.29949,0.0000,0.0000,1.2770
839,0.02590,0.01270,0.00928,0.00392,0.29952,0.0000,0.0000,1.2822
840,0.02592,0.01268,0.00933,0.00391,0.29954,0.0000,0.0000,1.2884
841,0.02593,0.01267,0.00937,0.00388,0.29956,0.0000,0.0000,1.2939
842,0.02590,0.01267,0.00939,0.00384,0.29958,0.0000,0.0000,1.2990
843,0.02580,0.01264,0.00938,0.00378,0.29960,0.0000,0.0000,1.3049
844,0.02567,0.01259,0.00937,0.00371,0.29962,0.0000,0.0000,1.3108
845,0.02552,0.01253,0.00936,0.00364,0.29964,0.0000,0.0000,1.3186
846,0.02535,0.01244,0.00933,0.00358,0.29966,0.0000,0.0000,1.3266
847,0.02520,0.01236,0.00930,0.00354,0.29969,0.0000,0.0000,1.3365
848,0.02511,0.01228,0.00927,0.00355,0.29974,0.0000,0.0000,1.3475
849,0.02507,0.01223,0.00925,0.00359,0.29978,0.0000,0.0000,1.3568
850,0.02506,0.01223,0.00919,0.00364,0.29982,0.0000,0.0000,1.3653
851,0.02503,0.01224,0.00912,0.00367,0.29986,0.0000,0.0000,1.3725
852,0.02491,0.01222,0.00903,0.00366,0.29990,0.0000,0.0000,1.3775
853,0.02471,0.01215,0.00894,0.00361,0.29995,0.0000,0.0000,1.3808
854,0.02446,0.01205,0.00885,0.00356,0.29999,0.0000,0.0000,1.3826
855,0.02421,0.01195,0.00874,0.00353,0.30004,0.0000,0.0000,1.3826
856,0.02401,0.01188,0.00860,0.00354,0.30008,0.0000,0.0000,1.3839
857,0.02391,0.01186,0.00845,0.00360,0.30012,0.0000,0.0000,1.3837
858,0.02386,0.01189,0.00826,0.00371,0.30016,0.0000,0.0000,1.3841
859,0.02325,0.01170,0.00798,0.00357,0.30020,0.0000,0.0000,1.3863
860,0.02131,0.01097,0.00750,0.00283,0.30023,0.0000,0.0000,1.3877
861,0.02011,0.01047,0.00723,0.00241,0.30026,0.0000,0.0000,1.3864
862,0.01974,0.01016,0.00718,0.00239,0.30028,0.0000,0.0000,1.3817
863,0.01997,0.00993,0.00735,0.00269,0.30030,0.0000,0.0000,1.3730
864,0.02041,0.00967,0.00764,0.00310,0.30030,0.0000,0.0000,1.3639
865,0.02077,0.00927,0.00796,0.00354,0.30031,0.0000,0.0000,1.3576
866,0.02094,0.00877,0.00832,0.00385,0.30032,0.0000,0.0000,1.3560
867,0.02089,0.00814,0.00871,0.00404,0.30037,0.0000,0.0000,1.3601
868,0.02072,0.00741,0.00914,0.00417,0.30045,0.0000,0.0000,1.3666
869,0.02066,0.00673,0.00963,0.00429,0.30057,0.0000,0.0000,1.3697
870,0.02078,0.00623,0.01013,0.00442,0.30069,0.0000,0.0000,1.3681
871,0.02108,0.00586,0.01061,0.00461,0.30081,0.0000,0.0000,1.3646
872,0.02144,0.00557,0.01101,0.00486,0.30091,0.0000,0.0000,1.3624
873,0.02173,0.00531,0.01131,0.00511,0.30100,0.0000,0.0000,1.3658
874,0.02187,0.00500,0.01154,0.00533,0.30107,0.0000,0.0000,1.3763
875,0.02187,0.00463,0.01175,0.00549,0.30112,0.0000,0.0000,1.3947
876,0.02182,0.00425,0.01198,0.00559,0.30116,0.0000,0.0000,1.4194
877,0.02171,0.00382,0.01222,0.00568,0.30121,0.0000,0.0000,1.4474
878,0.02156,0.00343,0.01239,0.00574,0.30125,0.0000,0.0000,1.4782
879,0.02138,0.00308,0.01249,0.00581,0.30128,0.0000,0.0000,1.5104
880,0.02120,0.00277,0.01256,0.00588,0.30131,0.0000,0.0000,1.5456
881,0.02126,0.00258,0.01271,0.00597,0.30133,0.0000,0.0000,1.5807
882,0.02165,0.00256,0.01297,0.00611,0.30134,0.0000,0.0000,1.6143
883,0.02208,0.00257,0.01323,0.00628,0.30134,0.0000,0.0000,1.6467
884,0.02250,0.00260,0.01344,0.00646,0.30134,0.0000,0.0000,1.6784
885,0.02286,0.00262,0.01361,0.00663,0.30132,0.0000,0.0000,1.7096
886,0.02312,0.00263,0.01374,0.00675,0.30131,0.0000,0.0000,1.7408
887,0.02329,0.00263,0.01386,0.00681,0.30129,0.0000,0.0000,1.7729
888,0.02335,0.00262,0.01395,0.00678,0.30127,0.0000,0.0000,1.8045
889,0.02334,0.00262,0.01403,0.00669,0.30125,0.0000,0.0000,1.8347
890,0.02329,0.00264,0.01407,0.00658,0.30124,0.0000,0.0000,1.8630
891,0.02318,0.00264,0.01408,0.00646,0.30122,0.0000,0.0000,1.8893
892,0.02302,0.00263,0.01404,0.00635,0.30121,0.0000,0.0000,1.9146
893,0.02283,0.00262,0.01394,0.00628,0.30121,0.0000,0.0000,1.9404
894,0.02267,0.00262,0.01379,0.00626,0.30120,0.0000,0.0000,1.9681
895,0.02258,0.00266,0.01361,0.00631,0.30120,0.0000,0.0000,1.9977
896,0.02253,0.00271,0.01344,0.00638,0.30119,0.0000,0.0000,2.0288
897,0.02250,0.00276,0.01330,0.00644,0.30119,0.0000,0.0000,2.0589
898,0.02246,0.00279,0.01316,0.00651,0.30119,0.0000,0.0000,2.0863
899,0.02240,0.00281,0.01299,0.00660,0.30120,0.0000,0.0000,2.1150
900,0.02232,0.00289,0.01276,0.00668,0.30121,0.0000,0.0000,2.1428
901,0.02224,0.00298,0.01250,0.00676,0.30122,0.0000,0.0000,2.1719
902,0.02215,0.00305,0.01226,0.00684,0.30122,0.0000,0.0000,2.2010
903,0.02209,0.00311,0.01205,0.00693,0.30123,0.0000,0.0000,2.2311
904,0.02204,0.00315,0.01188,0.00701,0.30124,0.0000,0.0000,2.2588
905,0.02202,0.00320,0.01172,0.00710,0.30124,0.0000,0.0000,2.2834
906,0.02201,0.00325,0.01158,0.00718,0.30125,0.0000,0.0000,2.3030
907,0.02198,0.00330,0.01140,0.00728,0.30125,0.0000,0.0000,2.3183
908,0.02196,0.00337,0.01120,0.00739,0.30125,0.0000,0.0000,2.3319
909,0.02198,0.00346,0.01101,0.00751,0.30126,0.0000,0.0000,2.3438
910,0.02204,0.00356,0.01085,0.00763,0.30126,0.0000,0.0000,2.3545
911,0.02207,0.00364,0.01070,0.00773,0.30126,0.0000,0.0000,2.3614
912,0.02208,0.00372,0.01055,0.00781,0.30127,0.0000,0.0000,2.3616
913,0.02209,0.00380,0.01040,0.00790,0.30127,0.0000,0.0000,2.3533
914,0.02210,0.00387,0.01026,0.00798,0.30127,0.0000,0.0000,2.3337
915,0.02213,0.00395,0.01010,0.00807,0.30127,0.0000,0.0000,2.3031
916,0.02214,0.00399,0.00999,0.00816,0.30128,0.0000,0.0000,2.2671
917,0.02220,0.00408,0.00985,0.00827,0.30129,0.0000,0.0000,2.2187
918,0.02236,0.00423,0.00976,0.00838,0.30129,0.0000,0.0000,2.1740
919,0.02247,0.00432,0.00974,0.00841,0.30130,0.0000,0.0000,2.1254
920,0.02249,0.00437,0.00972,0.00840,0.30130,0.0000,0.0000,2.0742
921,0.02246,0.00440,0.00967,0.00840,0.30130,0.0000,0.0000,2.0176
922,0.02230,0.00434,0.00957,0.00839,0.30130,0.0000,0.0000,1.9649
923,0.02214,0.00432,0.00938,0.00845,0.30131,0.0000,0.0000,1.9166
924,0.02205,0.00438,0.00914,0.00853,0.30131,0.0000,0.0000,1.8791
925,0.02197,0.00445,0.00893,0.00860,0.30131,0.0000,0.0000,1.8468
926,0.02193,0.00447,0.00879,0.00868,0.30132,0.0000,0.0000,1.8149
927,0.02193,0.00445,0.00868,0.00880,0.30132,0.0000,0.0000,1.7829
928,0.02201,0.00447,0.00861,0.00893,0.30132,0.0000,0.0000,1.7528
929,0.02211,0.00451,0.00853,0.00906,0.30131,0.0000,0.0000,1.7259
930,0.02219,0.00457,0.00845,0.00918,0.30129,0.0000,0.0000,1.7026
931,0.02225,0.00462,0.00836,0.00927,0.30127,0.0000,0.0000,1.6834
932,0.02226,0.00465,0.00829,0.00931,0.30126,0.0000,0.0000,1.6653
933,0.02222,0.00464,0.00825,0.00933,0.30124,0.0000,0.0000,1.6485
934,0.02218,0.00463,0.00822,0.00933,0.30122,0.0000,0.0000,1.6326
935,0.02215,0.00465,0.00819,0.00932,0.30121,0.0000,0.0000,1.6183
936,0.02213,0.00468,0.00815,0.00930,0.30119,0.0000,0.0000,1.6050
937,0.02208,0.00470,0.00811,0.00927,0.30118,0.0000,0.0000,1.5941
938,0.02200,0.00471,0.00808,0.00922,0.30117,0.0000,0.0000,1.5836
939,0.02192,0.00470,0.00806,0.00916,0.30116,0.0000,0.0000,1.5733
940,0.02191,0.00474,0.00803,0.00915,0.30115,0.0000,0.0000,1.5617
941,0.02192,0.00477,0.00800,0.00915,0.30114,0.0000,0.0000,1.5507
942,0.02026,0.00321,0.00717,0.00987,0.30113,0.0000,0.0000,1.5415
943,0.01877,0.00165,0.00681,0.01031,0.30112,0.0000,0.0000,1.5318
944,0.01721,0.00017,0.00676,0.01028,0.30111,0.0000,0.0000,1.5173
945,0.01792,0.00117,0.00697,0.00979,0.30111,0.0000,0.0000,1.4890
946,0.01871,0.00230,0.00736,0.00905,0.30113,0.0000,0.0000,1.4391
947,0.01926,0.00324,0.00773,0.00829,0.30115,0.0000,0.0000,1.3648
948,0.01969,0.00402,0.00798,0.00769,0.30116,0.0000,0.0000,1.2750
949,0.01994,0.00459,0.00818,0.00717,0.30114,0.0000,0.0000,1.1814
950,0.02013,0.00481,0.00839,0.00692,0.30110,0.0000,0.0000,1.0911
951,0.02042,0.00483,0.00858,0.00701,0.30102,0.0000,0.0000,1.0148
952,0.02073,0.00475,0.00873,0.00725,0.30090,0.0000,0.0000,0.9542
953,0.02122,0.00488,0.00902,0.00733,0.30074,0.0000,0.0000,0.9027
954,0.02174,0.00512,0.00937,0.00725,0.30058,0.0000,0.0000,0.8588
955,0.02182,0.00517,0.00948,0.00716,0.30041,0.0000,0.0000,0.8241
956,0.02173,0.00543,0.00959,0.00670,0.30025,0.0000,0.0000,0.7956
957,0.02163,0.00588,0.00977,0.00598,0.30012,0.0000,0.0000,0.7650
958,0.02142,0.00616,0.00990,0.00536,0.30003,0.0000,0.0000,0.7342
959,0.02125,0.00632,0.01005,0.00488,0.29995,0.0000,0.0000,0.7051
960,0.02118,0.00653,0.01025,0.00441,0.29990,0.0000,0.0000,0.6788
961,0.02113,0.00675,0.01044,0.00394,0.29987,0.0000,0.0000,0.6548
962,0.02099,0.00686,0.01055,0.00357,0.29987,0.0000,0.0000,0.6316
963,0.02078,0.00675,0.01057,0.00346,0.29987,0.0000,0.0000,0.6106
964,0.02062,0.00646,0.01052,0.00364,0.29987,0.0000,0.0000,0.5954
965,0.02054,0.00614,0.01047,0.00394,0.29988,0.0000,0.0000,0.5846
966,0.02057,0.00589,0.01051,0.00417,0.29987,0.0000,0.0000,0.5781
967,0.02061,0.00578,0.01063,0.00420,0.29985,0.0000,0.0000,0.5749
968,0.02061,0.00583,0.01081,0.00398,0.29983,0.0000,0.0000,0.5721
969,0.02042,0.00589,0.01088,0.00365,0.29981,0.0000,0.0000,0.5688
970,0.02017,0.00586,0.01090,0.00340,0.29981,0.0000,0.0000,0.5654
971,0.02012,0.00584,0.01105,0.00323,0.29981,0.0000,0.0000,0.5618
972,0.02018,0.00586,0.01124,0.00309,0.29981,0.0000,0.0000,0.5583
973,0.02020,0.00583,0.01133,0.00305,0.29982,0.0000,0.0000,0.5551
974,0.02020,0.00568,0.01133,0.00320,0.29983,0.0000,0.0000,0.5525
975,0.02031,0.00553,0.01132,0.00346,0.29984,0.0000,0.0000,0.5525
976,0.02048,0.00545,0.01127,0.00377,0.29986,0.0000,0.0000,0.5563
977,0.02062,0.00543,0.01119,0.00399,0.29987,0.0000,0.0000,0.5625
978,0.02076,0.00552,0.01113,0.00411,0.29988,0.0000,0.0000,0.5683
979,0.02087,0.00562,0.01113,0.00413,0.29989,0.0000,0.0000,0.5740
980,0.02094,0.00569,0.01115,0.00410,0.29990,0.0000,0.0000,0.5791
981,0.02100,0.00578,0.01119,0.00403,0.29992,0.0000,0.0000,0.5836
982,0.02109,0.00594,0.01124,0.00391,0.29995,0.0000,0.0000,0.5869
983,0.02120,0.00614,0.01130,0.00375,0.29998,0.0000,0.0000,0.5896
984,0.02127,0.00634,0.01135,0.00358,0.30001,0.0000,0.0000,0.5918
985,0.02132,0.00650,0.01137,0.00344,0.30004,0.0000,0.0000,0.5922
986,0.02135,0.00658,0.01137,0.00340,0.30008,0.0000,0.0000,0.5910
987,0.02143,0.00658,0.01134,0.00351,0.30012,0.0000,0.0000,0.5900
988,0.02157,0.00650,0.01129,0.00378,0.30015,0.0000,0.0000,0.5903
989,0.02179,0.00642,0.01126,0.00411,0.30017,0.0000,0.0000,0.5926
990,0.02208,0.00641,0.01125,0.00442,0.30018,0.0000,0.0000,0.5976
991,0.02237,0.00647,0.01127,0.00463,0.30018,0.0000,0.0000,0.6042
992,0.02261,0.00655,0.01128,0.00478,0.30018,0.0000,0.0000,0.6114
993,0.02278,0.00661,0.01128,0.00489,0.30018,0.0000,0.0000,0.6196
994,0.02287,0.00668,0.01125,0.00495,0.30017,0.0000,0.0000,0.6279
995,0.02295,0.00678,0.01123,0.00494,0.30017,0.0000,0.0000,0.6361
996,0.02306,0.00692,0.01126,0.00488,0.30018,0.0000,0.0000,0.6435
997,0.02319,0.00709,0.01135,0.00475,0.30018,0.0000,0.0000,0.6496
998,0.02332,0.00727,0.01145,0.00461,0.30020,0.0000,0.0000,0.6540
999,0.02339,0.00741,0.01152,0.00446,0.30021,0.0000,0.0000,0.6562
1000,0.02343,0.00753,0.01155,0.00436,0.35000,0.0000,0.0000,0.6572
1001,0.27471,0.05375,0.13958,0.08138,0.35229,0.0000,0.0000,0.6397
1002,0.25335,0.04951,0.12166,0.08218,0.35285,0.0000,0.0000,0.3034
1003,0.22578,0.04258,0.10149,0.08170,0.35319,0.0000,0.0000,0.1062
1004,0.20742,0.03892,0.08835,0.08015,0.35256,0.0000,0.0000,0.3930
1005,0.18853,0.03638,0.07937,0.07277,0.35179,0.0000,0.0000,0.4633
1006,0.16383,0.02727,0.07511,0.06145,0.35105,0.0000,0.0000,0.4338
1007,0.13154,0.01475,0.07174,0.04505,0.34965,0.0000,0.0000,0.4221
1008,0.11231,0.00886,0.06752,0.03594,0.34779,0.0000,0.0000,0.3511
1009,0.11214,0.00766,0.06893,0.03555,0.34469,0.0000,0.0000,0.1936
1010,0.11113,0.00530,0.07106,0.03477,0.34048,0.0000,0.0000,0.1689
1011,0.10934,0.00419,0.07324,0.03191,0.33599,0.0000,0.0000,0.2810
1012,0.10397,0.00164,0.07401,0.02832,0.33147,0.0000,0.0000,0.2633
1013,0.09953,0.00119,0.07433,0.02402,0.32731,0.0000,0.0000,0.2365
1014,0.09308,0.00200,0.07735,0.01373,0.32367,0.0000,0.0000,0.2362
1015,0.08508,0.00340,0.07735,0.00433,0.32036,0.0000,0.0000,0.1916
1016,0.08398,0.00751,0.07524,0.00122,0.31719,0.0000,0.0000,0.1923
1017,0.08707,0.01034,0.07252,0.00421,0.31391,0.0000,0.0000,0.1942
1018,0.09431,0.01373,0.07011,0.01047,0.31062,0.0000,0.0000,0.1891
1019,0.10286,0.01749,0.06817,0.01720,0.30740,0.0000,0.0000,0.2206
1020,0.11209,0.01965,0.06659,0.02586,0.30421,0.0000,0.0000,0.2134
1021,0.11964,0.02096,0.06527,0.03341,0.30101,0.0000,0.0000,0.2494
1022,0.12035,0.01993,0.06267,0.03775,0.29783,0.0000,0.0000,0.3016
1023,0.11215,0.01698,0.05960,0.03558,0.29482,0.0000,0.0000,0.3059
1024,0.10420,0.01489,0.05723,0.03209,0.29205,0.0000,0.0000,0.3893
1025,0.09737,0.01336,0.05430,0.02970,0.28947,0.0000,0.0000,0.4721
1026,0.09054,0.01169,0.05128,0.02757,0.28703,0.0000,0.0000,0.5395
1027,0.08358,0.00978,0.04831,0.02549,0.28475,0.0000,0.0000,0.5835
1028,0.07732,0.00842,0.04569,0.02322,0.28261,0.0000,0.0000,0.5828
1029,0.07182,0.00648,0.04369,0.02165,0.28064,0.0000,0.0000,0.6411
1030,0.07023,0.00919,0.04301,0.01803,0.27895,0.0000,0.0000,0.6910
1031,0.06552,0.01268,0.04159,0.01124,0.27762,0.0000,0.0000,0.9120
1032,0.05762,0.01630,0.03873,0.00259,0.27652,0.0000,0.0000,1.3304
1033,0.05529,0.01549,0.03294,0.00686,0.27550,0.0000,0.0000,1.2629
1034,0.04784,0.01168,0.02907,0.00709,0.27452,0.0000,0.0000,1.2152
1035,0.04322,0.01157,0.02735,0.00430,0.27351,0.0000,0.0000,1.4145
1036,0.03792,0.01199,0.02470,0.00123,0.27235,0.0000,0.0000,1.8355
1037,0.03469,0.00924,0.02251,0.00294,0.27095,0.0000,0.0000,2.2224
1038,0.03454,0.00683,0.02119,0.00651,0.26937,0.0000,0.0000,2.3909
1039,0.03739,0.00790,0.02063,0.00886,0.26772,0.0000,0.0000,2.5279
1040,0.03993,0.00972,0.02023,0.00999,0.26607,0.0000,0.0000,2.6864
1041,0.03981,0.01072,0.01887,0.01023,0.26446,0.0000,0.0000,2.8214
1042,0.03886,0.01088,0.01765,0.01033,0.26289,0.0000,0.0000,2.9460
1043,0.03605,0.00994,0.01558,0.01053,0.26140,0.0000,0.0000,3.0750
1044,0.03335,0.00897,0.01342,0.01096,0.26000,0.0000,0.0000,3.1150
1045,0.03168,0.00859,0.01133,0.01175,0.25871,0.0000,0.0000,3.1807
1046,0.03013,0.00805,0.00936,0.01272,0.25750,0.0000,0.0000,3.2789
1047,0.02833,0.00723,0.00733,0.01376,0.25635,0.0000,0.0000,3.3644
1048,0.02706,0.00661,0.00548,0.01498,0.25526,0.0000,0.0000,3.3977
1049,0.02642,0.00631,0.00378,0.01632,0.25422,0.0000,0.0000,3.4114
1050,0.02576,0.00590,0.00219,0.01767,0.25322,0.0000,0.0000,3.3961
1051,0.02482,0.00489,0.00131,0.01862,0.25228,0.0000,0.0000,3.3862
1052,0.02457,0.00383,0.00147,0.01928,0.25148,0.0000,0.0000,3.3804
1053,0.02389,0.00756,0.00070,0.01564,0.25087,0.0000,0.0000,3.3597
1054,0.02055,0.00735,0.00311,0.01009,0.25037,0.0000,0.0000,3.4930
1055,0.01681,0.00362,0.00723,0.00596,0.24991,0.0000,0.0000,3.6112
1056,0.01677,0.00174,0.01076,0.00427,0.24945,0.0000,0.0000,3.5984
1057,0.01715,0.00119,0.01498,0.00098,0.24899,0.0000,0.0000,3.6763
1058,0.02176,0.00410,0.01723,0.00043,0.24849,0.0000,0.0000,3.8397
1059,0.02523,0.00541,0.01835,0.00148,0.24794,0.0000,0.0000,3.9130
1060,0.02714,0.00444,0.01843,0.00428,0.24734,0.0000,0.0000,4.0210
1061,0.03047,0.00384,0.01929,0.00734,0.24661,0.0000,0.0000,4.0439
1062,0.03382,0.00389,0.02037,0.00956,0.24573,0.0000,0.0000,3.9881
1063,0.03643,0.00398,0.02103,0.01141,0.24474,0.0000,0.0000,3.8762
1064,0.03877,0.00407,0.02149,0.01321,0.24370,0.0000,0.0000,3.6561
1065,0.03738,0.00373,0.01845,0.01521,0.24264,0.0000,0.0000,3.4510
1066,0.03434,0.00334,0.01408,0.01693,0.24166,0.0000,0.0000,3.1329
1067,0.02782,0.00235,0.00931,0.01616,0.24093,0.0000,0.0000,2.8057
1068,0.01774,0.00358,0.00282,0.01134,0.24050,0.0000,0.0000,2.5233
1069,0.00980,0.00599,0.00057,0.00323,0.24034,0.0000,0.0000,2.2418
1070,0.00985,0.00712,0.00148,0.00124,0.24032,0.0000,0.0000,1.8657
1071,0.01038,0.00596,0.00127,0.00314,0.24036,0.0000,0.0000,1.4527
1072,0.00871,0.00539,0.00046,0.00286,0.24038,0.0000,0.0000,1.1600
1073,0.00632,0.00490,0.00039,0.00103,0.24030,0.0000,0.0000,1.1228
1074,0.00597,0.00426,0.00030,0.00141,0.24011,0.0000,0.0000,1.1035
1075,0.01115,0.00611,0.00216,0.00288,0.23985,0.0000,0.0000,1.1229
1076,0.01368,0.00770,0.00396,0.00202,0.23955,0.0000,0.0000,1.1155
1077,0.01674,0.00884,0.00488,0.00302,0.23926,0.0000,0.0000,1.1385
1078,0.02230,0.00922,0.00478,0.00830,0.23902,0.0000,0.0000,1.2012
1079,0.02546,0.00878,0.00401,0.01267,0.23887,0.0000,0.0000,1.3065
1080,0.02629,0.00798,0.00314,0.01517,0.23883,0.0000,0.0000,1.3760
1081,0.02784,0.00845,0.00346,0.01594,0.23892,0.0000,0.0000,1.3630
1082,0.02671,0.00895,0.00347,0.01429,0.23906,0.0000,0.0000,1.3437
1083,0.02419,0.00954,0.00277,0.01188,0.23915,0.0000,0.0000,1.2709
1084,0.02132,0.00958,0.00206,0.00968,0.23918,0.0000,0.0000,1.1787
1085,0.01673,0.00805,0.00241,0.00627,0.23916,0.0000,0.0000,1.0261
1086,0.01363,0.00741,0.00306,0.00315,0.23912,0.0000,0.0000,0.8867
1087,0.01314,0.00843,0.00374,0.00097,0.23912,0.0000,0.0000,0.7432
1088,0.01468,0.00989,0.00420,0.00059,0.23918,0.0000,0.0000,0.6181
1089,0.01754,0.01100,0.00465,0.00189,0.23931,0.0000,0.0000,0.5301
1090,0.01972,0.01164,0.00496,0.00312,0.23951,0.0000,0.0000,0.4569
1091,0.02176,0.01215,0.00529,0.00431,0.23976,0.0000,0.0000,0.3819
1092,0.02358,0.01259,0.00558,0.00542,0.24005,0.0000,0.0000,0.3184
1093,0.02444,0.01261,0.00601,0.00583,0.24039,0.0000,0.0000,0.2612
1094,0.02538,0.01377,0.00717,0.00444,0.24085,0.0000,0.0000,0.2126
1095,0.02640,0.01705,0.00791,0.00143,0.24146,0.0000,0.0000,0.1969
1096,0.02878,0.01954,0.00657,0.00266,0.24220,0.0000,0.0000,0.2162
1097,0.03227,0.02102,0.00498,0.00627,0.24304,0.0000,0.0000,0.2359
1098,0.03473,0.02195,0.00410,0.00867,0.24394,0.0000,0.0000,0.2497
1099,0.03599,0.02261,0.00355,0.00983,0.24488,0.0000,0.0000,0.2620
1100,0.03699,0.02398,0.00317,0.00984,0.24580,0.0000,0.0000,0.2738
1101,0.03553,0.02488,0.00242,0.00823,0.24661,0.0000,0.0000,0.2927
1102,0.03254,0.02548,0.00159,0.00548,0.24725,0.0000,0.0000,0.3048
1103,0.02950,0.02538,0.00098,0.00314,0.24771,0.0000,0.0000,0.3061
1104,0.02617,0.02426,0.00182,0.00009,0.24804,0.0000,0.0000,0.2981
1105,0.02965,0.02373,0.00283,0.00309,0.24830,0.0000,0.0000,0.2849
1106,0.03250,0.02421,0.00325,0.00504,0.24852,0.0000,0.0000,0.2677
1107,0.03506,0.02499,0.00355,0.00652,0.24874,0.0000,0.0000,0.2536
1108,0.03624,0.02484,0.00395,0.00745,0.24900,0.0000,0.0000,0.2466
1109,0.03744,0.02434,0.00506,0.00804,0.24936,0.0000,0.0000,0.2437
1110,0.03844,0.02522,0.00627,0.00695,0.24986,0.0000,0.0000,0.2433
1111,0.03822,0.02751,0.00652,0.00418,0.25052,0.0000,0.0000,0.2561
1112,0.03310,0.02813,0.00454,0.00044,0.25130,0.0000,0.0000,0.2835
1113,0.03418,0.02819,0.00311,0.00287,0.25218,0.0000,0.0000,0.2958
1114,0.03572,0.02797,0.00282,0.00494,0.25310,0.0000,0.0000,0.3077
1115,0.03634,0.02763,0.00318,0.00553,0.25401,0.0000,0.0000,0.3210
1116,0.03560,0.02728,0.00380,0.00453,0.25484,0.0000,0.0000,0.3355
1117,0.03178,0.02566,0.00367,0.00246,0.25552,0.0000,0.0000,0.3548
1118,0.02822,0.02450,0.00335,0.00037,0.25604,0.0000,0.0000,0.3622
1119,0.02779,0.02335,0.00335,0.00109,0.25644,0.0000,0.0000,0.3574
1120,0.02863,0.02263,0.00388,0.00212,0.25679,0.0000,0.0000,0.3410
1121,0.03055,0.02251,0.00522,0.00282,0.25714,0.0000,0.0000,0.3229
1122,0.03306,0.02326,0.00688,0.00292,0.25756,0.0000,0.0000,0.3144
1123,0.03346,0.02482,0.00724,0.00141,0.25808,0.0000,0.0000,0.3237
1124,0.03043,0.02457,0.00487,0.00100,0.25873,0.0000,0.0000,0.3444
1125,0.03006,0.02396,0.00285,0.00324,0.25947,0.0000,0.0000,0.3422
1126,0.02962,0.02307,0.00216,0.00438,0.26025,0.0000,0.0000,0.3376
1127,0.02865,0.02218,0.00243,0.00404,0.26101,0.0000,0.0000,0.3407
1128,0.02681,0.02140,0.00319,0.00223,0.26168,0.0000,0.0000,0.3547
1129,0.02443,0.01978,0.00439,0.00026,0.26222,0.0000,0.0000,0.3836
1130,0.02515,0.01820,0.00480,0.00215,0.26265,0.0000,0.0000,0.4269
1131,0.02550,0.01839,0.00443,0.00268,0.26303,0.0000,0.0000,0.4655
1132,0.02523,0.01819,0.00434,0.00270,0.26340,0.0000,0.0000,0.4993
1133,0.02456,0.01755,0.00434,0.00267,0.26383,0.0000,0.0000,0.5202
1134,0.02459,0.01786,0.00438,0.00235,0.26434,0.0000,0.0000,0.5289
1135,0.02357,0.01772,0.00384,0.00201,0.26495,0.0000,0.0000,0.5428
1136,0.02139,0.01693,0.00260,0.00185,0.26563,0.0000,0.0000,0.5476
1137,0.01920,0.01536,0.00159,0.00225,0.26633,0.0000,0.0000,0.5328
1138,0.01817,0.01369,0.00116,0.00332,0.26699,0.0000,0.0000,0.5124
1139,0.01845,0.01216,0.00134,0.00496,0.26754,0.0000,0.0000,0.4985
1140,0.02093,0.01317,0.00215,0.00561,0.26797,0.0000,0.0000,0.5008
1141,0.02210,0.01342,0.00280,0.00589,0.26831,0.0000,0.0000,0.5461
1142,0.02184,0.01267,0.00298,0.00620,0.26862,0.0000,0.0000,0.6132
1143,0.02131,0.01186,0.00282,0.00663,0.26891,0.0000,0.0000,0.6664
1144,0.02132,0.01169,0.00257,0.00706,0.26921,0.0000,0.0000,0.6986
1145,0.02167,0.01120,0.00265,0.00781,0.26953,0.0000,0.0000,0.7134
1146,0.02306,0.01133,0.00294,0.00879,0.26987,0.0000,0.0000,0.7060
1147,0.02397,0.01043,0.00330,0.01023,0.27022,0.0000,0.0000,0.6914
1148,0.02504,0.01096,0.00299,0.01110,0.27055,0.0000,0.0000,0.6588
1149,0.02604,0.01151,0.00294,0.01159,0.27084,0.0000,0.0000,0.6290
1150,0.02702,0.01159,0.00348,0.01195,0.27107,0.0000,0.0000,0.6184
1151,0.02788,0.01117,0.00421,0.01250,0.27126,0.0000,0.0000,0.6188
1152,0.02863,0.01067,0.00471,0.01324,0.27141,0.0000,0.0000,0.6213
1153,0.02952,0.01057,0.00495,0.01399,0.27153,0.0000,0.0000,0.6250
1154,0.03048,0.01070,0.00510,0.01467,0.27161,0.0000,0.0000,0.6390
1155,0.03135,0.01083,0.00525,0.01527,0.27168,0.0000,0.0000,0.6650
1156,0.03209,0.01077,0.00544,0.01588,0.27173,0.0000,0.0000,0.6982
1157,0.03280,0.01047,0.00574,0.01659,0.27178,0.0000,0.0000,0.7239
1158,0.03355,0.01015,0.00606,0.01734,0.27182,0.0000,0.0000,0.7372
1159,0.04174,0.00956,0.01000,0.02218,0.27185,0.0000,0.0000,0.7560
1160,0.04723,0.00875,0.01216,0.02632,0.27187,0.0000,0.0000,0.7781
1161,0.04752,0.00628,0.01138,0.02987,0.27186,0.0000,0.0000,0.8073
1162,0.04359,0.00505,0.00979,0.02875,0.27193,0.0000,0.0000,0.8359
1163,0.03824,0.00518,0.00808,0.02498,0.27211,0.0000,0.0000,0.8812
1164,0.03243,0.00487,0.00679,0.02077,0.27237,0.0000,0.0000,0.8865
1165,0.02702,0.00414,0.00625,0.01664,0.27266,0.0000,0.0000,0.8605
1166,0.02139,0.00272,0.00576,0.01291,0.27292,0.0000,0.0000,0.8094
1167,0.01598,0.00141,0.00530,0.00927,0.27313,0.0000,0.0000,0.7647
1168,0.01072,0.00107,0.00426,0.00539,0.27325,0.0000,0.0000,0.7770
1169,0.00663,0.00275,0.00272,0.00116,0.27325,0.0000,0.0000,0.8849
1170,0.00414,0.00101,0.00203,0.00109,0.27313,0.0000,0.0000,1.1568
1171,0.00495,0.00061,0.00175,0.00259,0.27289,0.0000,0.0000,1.4270
1172,0.00427,0.00052,0.00144,0.00231,0.27251,0.0000,0.0000,1.6896
1173,0.00536,0.00440,0.00088,0.00008,0.27200,0.0000,0.0000,1.8918
1174,0.01015,0.00794,0.00012,0.00209,0.27140,0.0000,0.0000,1.9910
1175,0.01650,0.01123,0.00152,0.00374,0.27078,0.0000,0.0000,2.0995
1176,0.02183,0.01373,0.00312,0.00498,0.27021,0.0000,0.0000,2.2422
1177,0.02517,0.01603,0.00390,0.00523,0.26976,0.0000,0.0000,2.4862
1178,0.01880,0.01322,0.00483,0.00075,0.26951,0.0000,0.0000,2.7734
1179,0.01849,0.00874,0.00632,0.00343,0.26945,0.0000,0.0000,3.2011
1180,0.01958,0.00721,0.00699,0.00538,0.26950,0.0000,0.0000,3.6802
1181,0.02185,0.00816,0.00809,0.00560,0.26957,0.0000,0.0000,4.1426
1182,0.02238,0.00805,0.00899,0.00534,0.26959,0.0000,0.0000,4.5223
1183,0.02250,0.00739,0.00999,0.00511,0.26953,0.0000,0.0000,4.8240
1184,0.02279,0.00694,0.01093,0.00493,0.26940,0.0000,0.0000,5.0925
1185,0.02181,0.00657,0.01155,0.00369,0.26912,0.0000,0.0000,5.2852
1186,0.02405,0.01056,0.01192,0.00157,0.26872,0.0000,0.0000,5.3994
1187,0.02696,0.01442,0.01191,0.00063,0.26821,0.0000,0.0000,5.3972
1188,0.02861,0.01503,0.01199,0.00159,0.26767,0.0000,0.0000,5.3260
1189,0.02633,0.01357,0.01258,0.00019,0.26723,0.0000,0.0000,5.2607
1190,0.02495,0.01003,0.01314,0.00178,0.26708,0.0000,0.0000,5.2409
1191,0.02424,0.00494,0.01454,0.00476,0.26726,0.0000,0.0000,5.2591
1192,0.02509,0.00337,0.01568,0.00604,0.26767,0.0000,0.0000,5.3904
1193,0.02697,0.00197,0.01713,0.00787,0.26823,0.0000,0.0000,5.5136
1194,0.02794,0.00043,0.01886,0.00865,0.26873,0.0000,0.0000,5.6409
1195,0.02848,0.00249,0.01942,0.00656,0.26898,0.0000,0.0000,5.7803
1196,0.02966,0.00711,0.01922,0.00333,0.26887,0.0000,0.0000,5.8048
1197,0.03157,0.01189,0.01921,0.00047,0.26844,0.0000,0.0000,5.6996
1198,0.03511,0.01412,0.01935,0.00164,0.26781,0.0000,0.0000,5.5300
1199,0.03546,0.01218,0.02015,0.00313,0.26709,0.0000,0.0000,5.2944
1200,0.03397,0.00961,0.02114,0.00323,0.26640,0.0000,0.0000,5.0413
1201,0.03093,0.00856,0.02224,0.00014,0.26595,0.0000,0.0000,4.8476
1202,0.03204,0.00575,0.02159,0.00470,0.26586,0.0000,0.0000,4.8029
1203,0.03186,0.00141,0.02041,0.01004,0.26609,0.0000,0.0000,4.8034
1204,0.03471,0.00164,0.01990,0.01317,0.26657,0.0000,0.0000,4.8755
1205,0.03877,0.00349,0.01936,0.01592,0.26715,0.0000,0.0000,5.0189
1206,0.03208,0.00030,0.01814,0.01365,0.26759,0.0000,0.0000,5.1505
1207,0.03386,0.00547,0.01709,0.01131,0.26774,0.0000,0.0000,5.0758
1208,0.03606,0.01022,0.01685,0.00898,0.26763,0.0000,0.0000,4.8492
1209,0.03709,0.01370,0.01759,0.00580,0.26731,0.0000,0.0000,4.4964
1210,0.03293,0.01140,0.01890,0.00262,0.26685,0.0000,0.0000,4.0815
1211,0.02794,0.00731,0.01941,0.00121,0.26639,0.0000,0.0000,3.7864
1212,0.02329,0.00403,0.01816,0.00110,0.26602,0.0000,0.0000,3.6749
1213,0.01919,0.00233,0.01522,0.00165,0.26574,0.0000,0.0000,3.6203
1214,0.01845,0.00046,0.01372,0.00427,0.26561,0.0000,0.0000,3.5140
1215,0.02380,0.00227,0.01298,0.00854,0.26577,0.0000,0.0000,3.4729
1216,0.02891,0.00543,0.01145,0.01204,0.26613,0.0000,0.0000,3.5405
1217,0.03186,0.00809,0.01041,0.01336,0.26656,0.0000,0.0000,3.5697
1218,0.03138,0.00857,0.01006,0.01276,0.26688,0.0000,0.0000,3.6229
1219,0.02600,0.00385,0.01079,0.01136,0.26700,0.0000,0.0000,3.5641
1220,0.02402,0.00281,0.01128,0.00993,0.26688,0.0000,0.0000,3.3684
1221,0.02686,0.00755,0.01140,0.00791,0.26654,0.0000,0.0000,2.9799
1222,0.02851,0.01081,0.01240,0.00530,0.26604,0.0000,0.0000,2.5304
1223,0.02965,0.01381,0.01390,0.00194,0.26545,0.0000,0.0000,2.1603
1224,0.03033,0.01490,0.01537,0.00006,0.26481,0.0000,0.0000,1.9403
1225,0.02907,0.01180,0.01558,0.00168,0.26438,0.0000,0.0000,1.8765
1226,0.02299,0.00627,0.01292,0.00381,0.26428,0.0000,0.0000,2.0144
1227,0.01712,0.00091,0.00850,0.00771,0.26449,0.0000,0.0000,2.1656
1228,0.01977,0.00222,0.00682,0.01073,0.26493,0.0000,0.0000,2.3369
1229,0.02302,0.00398,0.00602,0.01301,0.26550,0.0000,0.0000,2.5301
1230,0.02261,0.00559,0.00517,0.01185,0.26593,0.0000,0.0000,2.7002
1231,0.02232,0.00340,0.00644,0.01248,0.26620,0.0000,0.0000,2.8811
1232,0.02319,0.00261,0.00863,0.01194,0.26627,0.0000,0.0000,3.0039
1233,0.02276,0.00061,0.01053,0.01161,0.26618,0.0000,0.0000,3.1477
1234,0.02506,0.00069,0.01258,0.01179,0.26596,0.0000,0.0000,3.1604
1235,0.02729,0.00268,0.01285,0.01177,0.26563,0.0000,0.0000,3.0544
1236,0.02819,0.00459,0.01216,0.01144,0.26527,0.0000,0.0000,2.8075
1237,0.02738,0.00608,0.01076,0.01054,0.26493,0.0000,0.0000,2.4966
1238,0.02613,0.00760,0.00919,0.00934,0.26466,0.0000,0.0000,2.1467
1239,0.02565,0.00901,0.00886,0.00778,0.26450,0.0000,0.0000,1.7803
1240,0.02531,0.01037,0.00902,0.00592,0.26443,0.0000,0.0000,1.4800
1241,0.02457,0.01159,0.00923,0.00375,0.26444,0.0000,0.0000,1.2040
1242,0.02408,0.01309,0.00930,0.00168,0.26448,0.0000,0.0000,0.9881
1243,0.02415,0.01462,0.00917,0.00036,0.26452,0.0000,0.0000,0.8274
1244,0.02735,0.01626,0.00890,0.00218,0.26453,0.0000,0.0000,0.7410
1245,0.03033,0.01796,0.00857,0.00380,0.26450,0.0000,0.0000,0.7117
1246,0.03210,0.01943,0.00846,0.00420,0.26448,0.0000,0.0000,0.7309
1247,0.02847,0.01804,0.00764,0.00279,0.26458,0.0000,0.0000,0.7833
1248,0.02048,0.01342,0.00600,0.00106,0.26489,0.0000,0.0000,0.8606
1249,0.01250,0.00814,0.00398,0.00038,0.26539,0.0000,0.0000,0.8577
1250,0.01036,0.00616,0.00274,0.00146,0.26596,0.0000,0.0000,0.7946
1251,0.00622,0.00238,0.00086,0.00297,0.26671,0.0000,0.0000,0.7108
1252,0.01079,0.00420,0.00457,0.00201,0.26754,0.0000,0.0000,0.5957
1253,0.02068,0.01558,0.00467,0.00044,0.26838,0.0000,0.0000,0.6056
1254,0.02852,0.02366,0.00386,0.00100,0.26921,0.0000,0.0000,0.5540
1255,0.02852,0.02237,0.00274,0.00341,0.26987,0.0000,0.0000,0.5980
1256,0.03244,0.02029,0.00414,0.00801,0.27028,0.0000,0.0000,0.6425
1257,0.04087,0.02298,0.00791,0.00998,0.27043,0.0000,0.0000,0.7372
1258,0.04699,0.02452,0.01117,0.01131,0.27031,0.0000,0.0000,0.9511
1259,0.04849,0.02508,0.01201,0.01140,0.27000,0.0000,0.0000,1.1497
1260,0.04075,0.02214,0.00748,0.01114,0.26957,0.0000,0.0000,1.1732
1261,0.03316,0.01898,0.00364,0.01054,0.26909,0.0000,0.0000,1.1789
1262,0.02955,0.01975,0.00099,0.00881,0.26868,0.0000,0.0000,1.2105
1263,0.03444,0.02314,0.00349,0.00781,0.26841,0.0000,0.0000,1.2159
1264,0.03953,0.02583,0.00600,0.00770,0.26825,0.0000,0.0000,1.3051
1265,0.04245,0.02717,0.00726,0.00802,0.26814,0.0000,0.0000,1.3828
1266,0.04241,0.02595,0.00737,0.00910,0.26801,0.0000,0.0000,1.4400
1267,0.04123,0.02423,0.00730,0.00969,0.26786,0.0000,0.0000,1.5292
1268,0.03929,0.02281,0.00704,0.00944,0.26772,0.0000,0.0000,1.5632
1269,0.03878,0.02324,0.00692,0.00861,0.26756,0.0000,0.0000,1.6417
1270,0.03950,0.02418,0.00733,0.00799,0.26741,0.0000,0.0000,1.6885
1271,0.04009,0.02500,0.00739,0.00770,0.26725,0.0000,0.0000,1.8432
1272,0.04104,0.02552,0.00757,0.00795,0.26709,0.0000,0.0000,1.8406
1273,0.04396,0.02688,0.00883,0.00826,0.26693,0.0000,0.0000,2.1136
1274,0.04514,0.02757,0.00890,0.00867,0.26676,0.0000,0.0000,2.2114
1275,0.04361,0.02525,0.00858,0.00978,0.26653,0.0000,0.0000,2.3316
1276,0.04277,0.02414,0.00855,0.01008,0.26630,0.0000,0.0000,2.4787
1277,0.04161,0.02387,0.00795,0.00978,0.26609,0.0000,0.0000,2.6481
1278,0.04147,0.02428,0.00772,0.00947,0.26589,0.0000,0.0000,2.6700
1279,0.04381,0.02588,0.00853,0.00940,0.26573,0.0000,0.0000,2.8305
1280,0.04574,0.02717,0.00902,0.00956,0.26560,0.0000,0.0000,2.8570
1281,0.04711,0.02690,0.00965,0.01056,0.26544,0.0000,0.0000,3.0499
1282,0.04727,0.02755,0.00916,0.01056,0.26522,0.0000,0.0000,3.9358
1283,0.04854,0.02803,0.00923,0.01127,0.26501,0.0000,0.0000,3.0939
1284,0.05045,0.02743,0.01030,0.01273,0.26482,0.0000,0.0000,3.0025
1285,0.05198,0.02753,0.01116,0.01328,0.26465,0.0000,0.0000,3.1155
1286,0.05188,0.02771,0.01116,0.01301,0.26451,0.0000,0.0000,3.2651
1287,0.05071,0.02759,0.01071,0.01241,0.26440,0.0000,0.0000,3.3831
1288,0.04950,0.02744,0.01021,0.01185,0.26430,0.0000,0.0000,3.4801
1289,0.04885,0.02733,0.00988,0.01164,0.26421,0.0000,0.0000,3.5526
1290,0.04919,0.02741,0.00993,0.01184,0.26409,0.0000,0.0000,3.5189
1291,0.05008,0.02758,0.01027,0.01223,0.26393,0.0000,0.0000,3.4935
1292,0.05116,0.02796,0.01069,0.01251,0.26377,0.0000,0.0000,3.4988
1293,0.05216,0.02852,0.01104,0.01260,0.26360,0.0000,0.0000,3.5244
1294,0.05266,0.02891,0.01126,0.01249,0.26345,0.0000,0.0000,3.5557
1295,0.05233,0.02871,0.01129,0.01233,0.26331,0.0000,0.0000,3.5872
1296,0.05149,0.02816,0.01118,0.01215,0.26319,0.0000,0.0000,3.6169
1297,0.05060,0.02772,0.01102,0.01186,0.26310,0.0000,0.0000,3.6200
1298,0.04990,0.02758,0.01080,0.01151,0.26303,0.0000,0.0000,3.5953
1299,0.04975,0.02796,0.01067,0.01112,0.26301,0.0000,0.0000,3.5669
1300,0.05024,0.02851,0.01083,0.01089,0.26299,0.0000,0.0000,3.5061
1301,0.05116,0.02919,0.01123,0.01074,0.26298,0.0000,0.0000,3.4533
1302,0.05184,0.02959,0.01152,0.01073,0.26296,0.0000,0.0000,3.4105
1303,0.05229,0.02970,0.01180,0.01079,0.26294,0.0000,0.0000,3.3647
1304,0.05252,0.02971,0.01203,0.01079,0.26290,0.0000,0.0000,3.3378
1305,0.05240,0.02944,0.01224,0.01072,0.26286,0.0000,0.0000,3.3201
1306,0.05201,0.02897,0.01249,0.01055,0.26281,0.0000,0.0000,3.2743
1307,0.05129,0.02852,0.01254,0.01023,0.26278,0.0000,0.0000,3.2555
1308,0.05046,0.02828,0.01239,0.00980,0.26276,0.0000,0.0000,3.2315
1309,0.05002,0.02849,0.01216,0.00937,0.26274,0.0000,0.0000,3.1946
1310,0.05016,0.02911,0.01202,0.00903,0.26272,0.0000,0.0000,3.1643
1311,0.05063,0.02971,0.01203,0.00888,0.26271,0.0000,0.0000,3.1334
1312,0.05104,0.02998,0.01217,0.00889,0.26268,0.0000,0.0000,3.1099
1313,0.05131,0.03000,0.01235,0.00896,0.26266,0.0000,0.0000,3.0885
1314,0.05136,0.02986,0.01253,0.00897,0.26264,0.0000,0.0000,3.0830
1315,0.05114,0.02960,0.01264,0.00890,0.26263,0.0000,0.0000,3.0624
1316,0.04912,0.02853,0.01054,0.01004,0.26264,0.0000,0.0000,3.0534
1317,0.04780,0.02764,0.00909,0.01107,0.26266,0.0000,0.0000,3.0494
1318,0.04888,0.02695,0.00977,0.01217,0.26270,0.0000,0.0000,3.0607
1319,0.05033,0.02550,0.01146,0.01337,0.26275,0.0000,0.0000,3.1361
1320,0.04933,0.02243,0.01242,0.01448,0.26280,0.0000,0.0000,3.2637
1321,0.04725,0.01915,0.01294,0.01516,0.26284,0.0000,0.0000,3.4158
1322,0.04495,0.01661,0.01296,0.01538,0.26288,0.0000,0.0000,3.5860
1323,0.04334,0.01512,0.01275,0.01547,0.26292,0.0000,0.0000,3.7613
1324,0.04327,0.01491,0.01285,0.01551,0.26296,0.0000,0.0000,3.9366
1325,0.04435,0.01485,0.01337,0.01613,0.26299,0.0000,0.0000,4.1122
1326,0.04566,0.01444,0.01395,0.01726,0.26302,0.0000,0.0000,4.2870
1327,0.04708,0.01370,0.01482,0.01857,0.26303,0.0000,0.0000,4.4505
1328,0.04811,0.01238,0.01598,0.01976,0.26305,0.0000,0.0000,4.6096
1329,0.04819,0.01048,0.01718,0.02053,0.26306,0.0000,0.0000,4.7750
1330,0.04724,0.00842,0.01791,0.02091,0.26308,0.0000,0.0000,4.9489
1331,0.04588,0.00675,0.01802,0.02111,0.26312,0.0000,0.0000,5.1121
1332,0.04526,0.00607,0.01800,0.02118,0.26317,0.0000,0.0000,5.2517
1333,0.04601,0.00628,0.01827,0.02146,0.26323,0.0000,0.0000,5.3675
1334,0.04792,0.00680,0.01888,0.02224,0.26330,0.0000,0.0000,5.4735
1335,0.05012,0.00712,0.01983,0.02318,0.26337,0.0000,0.0000,5.5730
1336,0.05137,0.00679,0.02049,0.02409,0.26343,0.0000,0.0000,5.6741
1337,0.05151,0.00590,0.02078,0.02483,0.26348,0.0000,0.0000,5.7732
1338,0.05096,0.00488,0.02074,0.02535,0.26352,0.0000,0.0000,5.8678
1339,0.05027,0.00413,0.02059,0.02556,0.26358,0.0000,0.0000,5.9515
1340,0.05035,0.00392,0.02082,0.02561,0.26364,0.0000,0.0000,6.0242
1341,0.05082,0.00401,0.02099,0.02582,0.26371,0.0000,0.0000,6.0989
1342,0.05164,0.00433,0.02103,0.02629,0.26378,0.0000,0.0000,6.1707
1343,0.05308,0.00462,0.02157,0.02689,0.26384,0.0000,0.0000,6.2371
1344,0.05376,0.00429,0.02206,0.02741,0.26388,0.0000,0.0000,6.3185
1345,0.05280,0.00344,0.02149,0.02787,0.26389,0.0000,0.0000,6.4163
1346,0.05427,0.00373,0.02252,0.02802,0.26392,0.0000,0.0000,6.4977
1347,0.05187,0.00471,0.01998,0.02718,0.26396,0.0000,0.0000,6.6025
1348,0.05269,0.00672,0.01989,0.02608,0.26406,0.0000,0.0000,6.6310
1349,0.05078,0.00644,0.01815,0.02619,0.26416,0.0000,0.0000,6.6229
1350,0.05200,0.00573,0.01917,0.02710,0.26428,0.0000,0.0000,6.6304
1351,0.05285,0.00693,0.01942,0.02650,0.26442,0.0000,0.0000,6.6118
1352,0.05321,0.00832,0.01964,0.02525,0.26459,0.0000,0.0000,6.6705
1353,0.05409,0.01069,0.01935,0.02404,0.26482,0.0000,0.0000,6.6606
1354,0.05468,0.01247,0.01879,0.02342,0.26510,0.0000,0.0000,6.6412
1355,0.05615,0.01452,0.01891,0.02272,0.26546,0.0000,0.0000,6.5308
1356,0.05807,0.01613,0.02026,0.02168,0.26589,0.0000,0.0000,6.4044
1357,0.05740,0.01453,0.02188,0.02100,0.26632,0.0000,0.0000,6.3401
1358,0.05370,0.01096,0.02226,0.02048,0.26676,0.0000,0.0000,6.3132
1359,0.04884,0.00702,0.02276,0.01906,0.26721,0.0000,0.0000,6.2651
1360,0.04565,0.00444,0.02354,0.01768,0.26772,0.0000,0.0000,6.2793
1361,0.04384,0.00251,0.02419,0.01714,0.26828,0.0000,0.0000,6.4010
1362,0.04283,0.00101,0.02479,0.01704,0.26885,0.0000,0.0000,6.5697
1363,0.04375,0.00089,0.02549,0.01737,0.26941,0.0000,0.0000,6.7186
1364,0.04765,0.00280,0.02684,0.01801,0.26994,0.0000,0.0000,6.7851
1365,0.05079,0.00179,0.02897,0.02003,0.27037,0.0000,0.0000,6.7612
1366,0.05479,0.00084,0.03211,0.02183,0.27067,0.0000,0.0000,6.6584
1367,0.06056,0.00177,0.03462,0.02417,0.27082,0.0000,0.0000,6.5936
1368,0.06322,0.00182,0.03510,0.02630,0.27083,0.0000,0.0000,6.5044
1369,0.06506,0.00209,0.03487,0.02810,0.27074,0.0000,0.0000,6.4098
1370,0.06695,0.00251,0.03463,0.02981,0.27058,0.0000,0.0000,6.2076
1371,0.06876,0.00293,0.03437,0.03146,0.27036,0.0000,0.0000,5.9295
1372,0.06944,0.00232,0.03393,0.03319,0.27008,0.0000,0.0000,5.6389
1373,0.06908,0.00093,0.03334,0.03481,0.26975,0.0000,0.0000,5.3278
1374,0.06949,0.00074,0.03240,0.03635,0.26936,0.0000,0.0000,4.9892
1375,0.07043,0.00134,0.03156,0.03753,0.26890,0.0000,0.0000,4.6263
1376,0.07042,0.00108,0.03081,0.03853,0.26842,0.0000,0.0000,4.3618
1377,0.06979,0.00078,0.02961,0.03940,0.26790,0.0000,0.0000,4.0781
1378,0.06907,0.00084,0.02798,0.04026,0.26736,0.0000,0.0000,3.7786
1379,0.06902,0.00146,0.02638,0.04117,0.26681,0.0000,0.0000,3.6155
1380,0.06896,0.00130,0.02554,0.04212,0.26629,0.0000,0.0000,3.3553
1381,0.06882,0.00056,0.02509,0.04316,0.26579,0.0000,0.0000,3.2133
1382,0.06943,0.00029,0.02486,0.04428,0.26532,0.0000,0.0000,3.0092
1383,0.07125,0.00112,0.02471,0.04542,0.26489,0.0000,0.0000,2.8664
1384,0.07320,0.00191,0.02464,0.04665,0.26449,0.0000,0.0000,2.7220
1385,0.07512,0.00261,0.02457,0.04795,0.26412,0.0000,0.0000,2.6279
1386,0.07574,0.00238,0.02401,0.04936,0.26377,0.0000,0.0000,2.5301
1387,0.07649,0.00182,0.02384,0.05082,0.26343,0.0000,0.0000,2.4730
1388,0.07644,0.00072,0.02392,0.05179,0.26316,0.0000,0.0000,2.4355
1389,0.07575,0.00076,0.02264,0.05235,0.26297,0.0000,0.0000,2.4031
1390,0.07707,0.00330,0.02136,0.05241,0.26284,0.0000,0.0000,2.3766
1391,0.07892,0.00564,0.02231,0.05098,0.26277,0.0000,0.0000,2.2906
1392,0.07878,0.00703,0.02221,0.04954,0.26277,0.0000,0.0000,2.1974
1393,0.07686,0.00695,0.02175,0.04815,0.26284,0.0000,0.0000,2.0763
1394,0.07223,0.00455,0.02122,0.04646,0.26302,0.0000,0.0000,1.9427
1395,0.06698,0.00128,0.02016,0.04554,0.26335,0.0000,0.0000,1.7630
1396,0.06608,0.00245,0.01898,0.04465,0.26383,0.0000,0.0000,1.5658
1397,0.06648,0.00482,0.01744,0.04422,0.26438,0.0000,0.0000,1.3540
1398,0.06829,0.00653,0.01787,0.04389,0.26492,0.0000,0.0000,1.1421
1399,0.07135,0.00819,0.01932,0.04384,0.26535,0.0000,0.0000,0.9820
1400,0.07462,0.00967,0.02107,0.04388,0.26561,0.0000,0.0000,0.8775
1401,0.07789,0.01116,0.02273,0.04400,0.26563,0.0000,0.0000,0.8007
1402,0.08078,0.01260,0.02427,0.04391,0.26544,0.0000,0.0000,0.7412
1403,0.08299,0.01405,0.02509,0.04386,0.26508,0.0000,0.0000,0.6950
1404,0.08460,0.01555,0.02533,0.04372,0.26461,0.0000,0.0000,0.6555
1405,0.08605,0.01702,0.02552,0.04351,0.26407,0.0000,0.0000,0.6071
1406,0.08736,0.01835,0.02579,0.04322,0.26352,0.0000,0.0000,0.5596
1407,0.08849,0.01960,0.02598,0.04291,0.26302,0.0000,0.0000,0.5265
1408,0.08925,0.02077,0.02593,0.04255,0.26258,0.0000,0.0000,0.5133
1409,0.08940,0.02165,0.02562,0.04212,0.26221,0.0000,0.0000,0.5066
1410,0.08940,0.02243,0.02536,0.04161,0.26191,0.0000,0.0000,0.5054
1411,0.08961,0.02342,0.02518,0.04101,0.26167,0.0000,0.0000,0.5053
1412,0.08982,0.02444,0.02501,0.04036,0.26144,0.0000,0.0000,0.4947
1413,0.09006,0.02544,0.02495,0.03966,0.26120,0.0000,0.0000,0.4742
1414,0.09006,0.02621,0.02487,0.03898,0.26093,0.0000,0.0000,0.4536
1415,0.08999,0.02680,0.02487,0.03832,0.26060,0.0000,0.0000,0.4317
1416,0.08984,0.02729,0.02483,0.03772,0.26020,0.0000,0.0000,0.4159
1417,0.08966,0.02774,0.02475,0.03716,0.25976,0.0000,0.0000,0.4009
1418,0.08958,0.02818,0.02471,0.03670,0.25929,0.0000,0.0000,0.3936
1419,0.08982,0.02874,0.02475,0.03633,0.25881,0.0000,0.0000,0.3919
1420,0.08991,0.02913,0.02470,0.03609,0.25834,0.0000,0.0000,0.3991
1421,0.09017,0.02945,0.02478,0.03595,0.25791,0.0000,0.0000,0.4090
1422,0.09059,0.02972,0.02494,0.03592,0.25752,0.0000,0.0000,0.4205
1423,0.09116,0.03001,0.02519,0.03595,0.25718,0.0000,0.0000,0.4297
1424,0.09156,0.03010,0.02544,0.03602,0.25688,0.0000,0.0000,0.4410
1425,0.09165,0.02987,0.02567,0.03611,0.25661,0.0000,0.0000,0.4507
1426,0.09157,0.02954,0.02586,0.03617,0.25635,0.0000,0.0000,0.4627
1427,0.09146,0.02930,0.02599,0.03616,0.25611,0.0000,0.0000,0.4768
1428,0.09147,0.02932,0.02608,0.03607,0.25587,0.0000,0.0000,0.4926
1429,0.09154,0.02951,0.02606,0.03598,0.25565,0.0000,0.0000,0.5081
1430,0.09164,0.02988,0.02591,0.03585,0.25545,0.0000,0.0000,0.5230
1431,0.09171,0.03035,0.02567,0.03568,0.25527,0.0000,0.0000,0.5357
1432,0.09170,0.03081,0.02537,0.03551,0.25512,0.0000,0.0000,0.5483
1433,0.09164,0.03120,0.02506,0.03538,0.25501,0.0000,0.0000,0.5635
1434,0.09181,0.03152,0.02495,0.03534,0.25496,0.0000,0.0000,0.5818
1435,0.09252,0.03179,0.02521,0.03552,0.25495,0.0000,0.0000,0.6085
1436,0.09334,0.03199,0.02553,0.03582,0.25498,0.0000,0.0000,0.6453
1437,0.09416,0.03216,0.02587,0.03613,0.25505,0.0000,0.0000,0.6889
1438,0.09505,0.03239,0.02624,0.03642,0.25514,0.0000,0.0000,0.7401
1439,0.09566,0.03260,0.02651,0.03655,0.25523,0.0000,0.0000,0.8004
1440,0.09390,0.03145,0.02645,0.03600,0.25538,0.0000,0.0000,0.8673
1441,0.08988,0.02884,0.02502,0.03602,0.25558,0.0000,0.0000,0.9205
1442,0.08606,0.02702,0.02384,0.03521,0.25583,0.0000,0.0000,0.9424
1443,0.08317,0.02586,0.02301,0.03430,0.25612,0.0000,0.0000,0.9291
1444,0.08148,0.02548,0.02229,0.03371,0.25645,0.0000,0.0000,0.9094
1445,0.08156,0.02665,0.02172,0.03319,0.25678,0.0000,0.0000,0.8919
1446,0.08288,0.02847,0.02149,0.03291,0.25709,0.0000,0.0000,0.8724
1447,0.08587,0.03012,0.02262,0.03313,0.25732,0.0000,0.0000,0.8701
1448,0.08956,0.03141,0.02445,0.03370,0.25747,0.0000,0.0000,0.8953
1449,0.09302,0.03238,0.02624,0.03440,0.25754,0.0000,0.0000,0.9430
1450,0.09505,0.03269,0.02728,0.03509,0.25754,0.0000,0.0000,1.0093
1451,0.09475,0.03153,0.02751,0.03571,0.25749,0.0000,0.0000,1.0825
1452,0.09294,0.02970,0.02749,0.03575,0.25746,0.0000,0.0000,1.1508
1453,0.08964,0.02734,0.02656,0.03573,0.25753,0.0000,0.0000,1.1979
1454,0.08645,0.02554,0.02525,0.03566,0.25773,0.0000,0.0000,1.2060
1455,0.08411,0.02464,0.02413,0.03533,0.25803,0.0000,0.0000,1.1773
1456,0.08261,0.02415,0.02327,0.03519,0.25840,0.0000,0.0000,1.1294
1457,0.08375,0.02580,0.02321,0.03473,0.25875,0.0000,0.0000,1.0822
1458,0.08564,0.02774,0.02344,0.03445,0.25902,0.0000,0.0000,1.0477
1459,0.08775,0.02905,0.02427,0.03443,0.25918,0.0000,0.0000,1.0397
1460,0.09030,0.02987,0.02573,0.03470,0.25923,0.0000,0.0000,1.0652
1461,0.09271,0.03060,0.02698,0.03513,0.25921,0.0000,0.0000,1.1123
1462,0.09362,0.03062,0.02742,0.03558,0.25913,0.0000,0.0000,1.1786
1463,0.09254,0.02937,0.02724,0.03593,0.25902,0.0000,0.0000,1.2445
1464,0.09061,0.02787,0.02681,0.03593,0.25897,0.0000,0.0000,1.3045
1465,0.08816,0.02652,0.02577,0.03587,0.25901,0.0000,0.0000,1.3418
1466,0.08588,0.02561,0.02448,0.03579,0.25917,0.0000,0.0000,1.3463
1467,0.08418,0.02525,0.02331,0.03562,0.25943,0.0000,0.0000,1.3211
1468,0.08363,0.02538,0.02256,0.03569,0.25974,0.0000,0.0000,1.2881
1469,0.08602,0.02708,0.02325,0.03569,0.26004,0.0000,0.0000,1.2551
1470,0.08897,0.02873,0.02423,0.03601,0.26028,0.0000,0.0000,1.2439
1471,0.09134,0.02975,0.02520,0.03640,0.26044,0.0000,0.0000,1.2611
1472,0.09329,0.03039,0.02611,0.03679,0.26051,0.0000,0.0000,1.2973
1473,0.08607,0.02912,0.02636,0.03059,0.26051,0.0000,0.0000,1.3448
1474,0.07857,0.02813,0.02585,0.02459,0.26047,0.0000,0.0000,1.4076
1475,0.07241,0.02804,0.02550,0.01888,0.26043,0.0000,0.0000,1.4616
1476,0.06773,0.02851,0.02519,0.01403,0.26048,0.0000,0.0000,1.5209
1477,0.06511,0.03021,0.02499,0.00992,0.26067,0.0000,0.0000,1.5855
1478,0.06408,0.03273,0.02467,0.00669,0.26103,0.0000,0.0000,1.6431
1479,0.06414,0.03528,0.02454,0.00431,0.26156,0.0000,0.0000,1.6999
1480,0.06526,0.03749,0.02499,0.00278,0.26224,0.0000,0.0000,1.7488
1481,0.06707,0.03946,0.02567,0.00193,0.26303,0.0000,0.0000,1.7686
1482,0.06844,0.04066,0.02624,0.00154,0.26391,0.0000,0.0000,1.7473
1483,0.06890,0.04038,0.02698,0.00154,0.26482,0.0000,0.0000,1.6709
1484,0.06907,0.03960,0.02785,0.00161,0.26574,0.0000,0.0000,1.5339
1485,0.06852,0.03855,0.02844,0.00153,0.26663,0.0000,0.0000,1.3549
1486,0.06714,0.03732,0.02862,0.00119,0.26745,0.0000,0.0000,1.1619
1487,0.06545,0.03610,0.02867,0.00068,0.26821,0.0000,0.0000,0.9739
1488,0.06413,0.03536,0.02865,0.00012,0.26891,0.0000,0.0000,0.8355
1489,0.06399,0.03528,0.02825,0.00046,0.26957,0.0000,0.0000,0.7376
1490,0.06431,0.03593,0.02710,0.00128,0.27024,0.0000,0.0000,0.6657
1491,0.06492,0.03699,0.02607,0.00186,0.27095,0.0000,0.0000,0.6092
1492,0.06590,0.03848,0.02507,0.00234,0.27171,0.0000,0.0000,0.5610
1493,0.06747,0.04048,0.02450,0.00248,0.27254,0.0000,0.0000,0.5127
1494,0.06956,0.04261,0.02504,0.00191,0.27343,0.0000,0.0000,0.4637
1495,0.07143,0.04442,0.02602,0.00100,0.27437,0.0000,0.0000,0.4153
1496,0.07286,0.04582,0.02693,0.00011,0.27533,0.0000,0.0000,0.3638
1497,0.07519,0.04695,0.02764,0.00060,0.27628,0.0000,0.0000,0.3169
1498,0.07706,0.04799,0.02803,0.00105,0.27722,0.0000,0.0000,0.2843
1499,0.07831,0.04898,0.02815,0.00119,0.27812,0.0000,0.0000,0.2704
