attempt,step,time_s,phase,jaw_centre_error_m,tip_goal_error_m,jaw_command_m,approach_elevation_deg,jaw_tilt_deg,base_height_m,fell,cup_lift_m,cup_tilt_deg
0,0,0.0,settle,0.00771,0.00771,0.0006,-0.84,0.67,0.3502,0,0.0,0.0
0,1,0.02,settle,0.01867,0.01867,0.0012,-2.28,0.59,0.3497,0,0.0,0.0
0,2,0.04,settle,0.02733,0.02733,0.0018,-3.45,0.64,0.3481,0,0.0,0.0
0,3,0.06,settle,0.03333,0.03333,0.0024,-3.77,0.91,0.3456,0,0.0,0.0
0,4,0.08,settle,0.03954,0.03954,0.003,-3.94,1.26,0.3425,0,0.0,0.0
0,5,0.1,settle,0.0461,0.0461,0.0036,-4.34,1.65,0.3392,0,0.0,0.0
0,6,0.12,settle,0.05289,0.05289,0.0042,-4.93,2.04,0.336,0,0.0,0.0
0,7,0.14,settle,0.05976,0.05976,0.0048,-5.66,2.42,0.3331,0,0.0,0.0
0,8,0.16,settle,0.06613,0.06613,0.0054,-6.52,2.78,0.3306,0,0.0,0.0
0,9,0.18,settle,0.07263,0.07263,0.006,-7.64,3.17,0.3286,0,0.0,0.0
0,10,0.2,settle,0.07809,0.07809,0.0066,-9.03,3.22,0.3271,0,0.0,0.0
0,11,0.22,settle,0.0853,0.0853,0.0072,-10.71,3.15,0.326,0,0.0,0.0
0,12,0.24,settle,0.09161,0.09161,0.0078,-11.99,2.99,0.3253,0,0.0,0.0
0,13,0.26,settle,0.09769,0.09769,0.0084,-13.15,2.54,0.325,0,0.0,0.0
0,14,0.28,settle,0.10354,0.10354,0.009,-14.13,1.83,0.3249,0,0.0,0.0
0,15,0.3,settle,0.1081,0.1081,0.0096,-14.9,1.42,0.3249,0,0.0,0.0
0,16,0.32,settle,0.11124,0.11124,0.0102,-15.32,1.07,0.3251,0,0.0,0.0
0,17,0.34,settle,0.11387,0.11387,0.0108,-15.72,0.54,0.3254,0,0.0,0.0
0,18,0.36,settle,0.11674,0.11674,0.0114,-16.2,0.02,0.3258,0,0.0,0.0
0,19,0.38,settle,0.12068,0.12068,0.012,-16.8,0.47,0.3261,0,0.0,0.0
0,20,0.4,settle,0.12644,0.12644,0.0126,-17.69,0.86,0.3265,0,0.0,0.0
0,21,0.42,settle,0.13219,0.13219,0.0132,-18.62,1.28,0.3267,0,0.0,0.0
0,22,0.44,settle,0.13699,0.13699,0.0138,-19.38,1.72,0.3269,0,0.0,0.0
0,23,0.46,settle,0.14188,0.14188,0.0144,-20.1,2.15,0.3271,0,0.0,0.0
0,24,0.48,settle,0.14797,0.14797,0.015,-20.96,2.41,0.3273,0,0.0,0.0
0,25,0.5,settle,0.15523,0.15523,0.0156,-22.04,2.66,0.3276,0,0.0,0.0
0,26,0.52,settle,0.16253,0.16253,0.0162,-23.19,2.93,0.328,0,0.0,0.0
0,27,0.54,settle,0.16852,0.16852,0.0168,-24.13,3.17,0.3284,0,0.0,0.0
0,28,0.56,settle,0.17449,0.17449,0.0174,-24.98,3.35,0.3289,0,0.0,0.0
0,29,0.58,settle,0.1813,0.1813,0.018,-26.02,3.53,0.3296,0,0.0,0.0
0,30,0.6,settle,0.18721,0.18721,0.0186,-26.97,3.72,0.3303,0,0.0,0.0
0,31,0.62,settle,0.19116,0.19116,0.0192,-27.55,3.89,0.331,0,0.0,0.0
0,32,0.64,settle,0.19366,0.19366,0.0198,-27.79,4.02,0.3316,0,0.0,0.0
0,33,0.66,settle,0.19614,0.19614,0.0204,-28.03,4.19,0.332,0,0.0,0.0
0,34,0.68,settle,0.20028,0.20028,0.021,-28.54,4.28,0.3324,0,0.0,0.0
0,35,0.7,settle,0.20558,0.20558,0.0216,-29.26,4.35,0.3328,0,0.0,0.0
0,36,0.72,settle,0.21091,0.21091,0.0222,-30.02,4.44,0.3332,0,0.0,0.0
0,37,0.74,settle,0.21595,0.21595,0.0228,-30.72,4.54,0.3335,0,0.0,0.0
0,38,0.76,settle,0.22059,0.22059,0.0234,-31.34,4.64,0.3338,0,0.0,0.0
0,39,0.78,settle,0.22499,0.22499,0.024,-31.9,4.73,0.334,0,0.0,0.0
0,40,0.8,settle,0.22934,0.22934,0.0246,-32.44,4.81,0.3343,0,0.0,0.0
0,41,0.82,settle,0.23382,0.23382,0.0252,-33.03,4.84,0.3345,0,0.0,0.0
0,42,0.84,settle,0.23828,0.23828,0.0258,-33.62,4.86,0.3346,0,0.0,0.0
0,43,0.86,settle,0.24272,0.24272,0.0264,-34.22,4.8,0.3348,0,0.0,0.0
0,44,0.88,settle,0.24744,0.24744,0.027,-34.88,4.73,0.3349,0,0.0,0.0
0,45,0.9,settle,0.253,0.253,0.0276,-35.7,4.62,0.3351,0,0.0,0.0
0,46,0.92,settle,0.2593,0.2593,0.0282,-36.7,4.38,0.3351,0,0.0,0.0
0,47,0.94,settle,0.26655,0.26655,0.0288,-37.84,4.16,0.3352,0,0.0,0.0
0,48,0.96,settle,0.27161,0.27161,0.0294,-39.09,4.08,0.3352,0,0.0,0.0
0,49,0.98,stand,0.2722,0.2722,0.03,-39.49,4.14,0.3351,0,0.0,0.0
0,50,1.0,stand,0.26965,0.26965,0.03,-38.99,4.43,0.3349,0,0.0,0.0
0,51,1.02,stand,0.26317,0.26317,0.03,-37.7,4.73,0.3344,0,0.0,0.0
0,52,1.04,stand,0.25531,0.25531,0.03,-36.13,5.0,0.334,0,0.0,0.0
0,53,1.06,stand,0.24712,0.24712,0.03,-34.48,5.24,0.3335,0,0.0,0.0
0,54,1.08,stand,0.23911,0.23911,0.03,-32.84,5.41,0.3329,0,0.0,0.0
0,55,1.1,stand,0.23155,0.23155,0.03,-31.24,5.52,0.3324,0,0.0,0.0
0,56,1.12,stand,0.22455,0.22455,0.03,-29.72,5.59,0.3318,0,0.0,0.0
0,57,1.14,stand,0.21819,0.21818,0.03,-28.29,5.63,0.3313,0,0.0,0.0
0,58,1.16,stand,0.21247,0.21247,0.03,-26.95,5.64,0.3307,0,0.0,0.0
0,59,1.18,stand,0.20731,0.20731,0.03,-25.7,5.64,0.3301,0,0.0,0.0
0,60,1.2,stand,0.20268,0.20268,0.03,-24.52,5.64,0.3295,0,0.0,0.0
0,61,1.22,stand,0.19851,0.19851,0.03,-23.42,5.63,0.329,0,0.0,0.0
0,62,1.24,stand,0.19478,0.19478,0.03,-22.38,5.65,0.3284,0,0.0,0.0
0,63,1.26,stand,0.19143,0.19143,0.03,-21.41,5.67,0.328,0,0.0,0.0
0,64,1.28,stand,0.18846,0.18846,0.03,-20.5,5.69,0.3275,0,0.0,0.0
0,65,1.3,stand,0.18589,0.18589,0.03,-19.66,5.69,0.3272,0,0.0,0.0
0,66,1.32,stand,0.18373,0.18373,0.03,-18.9,5.66,0.3269,0,0.0,0.0
0,67,1.34,stand,0.18198,0.18198,0.03,-18.22,5.6,0.3267,0,0.0,0.0
0,68,1.36,stand,0.18063,0.18063,0.03,-17.62,5.39,0.3265,0,0.0,0.0
0,69,1.38,stand,0.17971,0.17971,0.03,-17.1,5.13,0.3263,0,0.0,0.0
0,70,1.4,stand,0.17918,0.17918,0.03,-16.65,4.86,0.3261,0,0.0,0.0
0,71,1.42,stand,0.17971,0.17971,0.03,-16.76,4.6,0.3259,0,0.0,0.0
0,72,1.44,stand,0.18259,0.18259,0.03,-17.81,4.36,0.3258,0,0.0,0.0
0,73,1.46,stand,0.18657,0.18657,0.03,-18.98,4.2,0.3258,0,0.0,0.0
0,74,1.48,stand,0.19083,0.19083,0.03,-20.13,4.12,0.3258,0,0.0,0.0
0,75,1.5,stand,0.19497,0.19497,0.03,-21.16,4.09,0.3259,0,0.0,0.0
0,76,1.52,stand,0.19881,0.19881,0.03,-22.06,4.11,0.3261,0,0.0,0.0
0,77,1.54,stand,0.20204,0.20204,0.03,-22.71,4.15,0.3264,0,0.0,0.0
0,78,1.56,stand,0.20414,0.20414,0.03,-23.11,4.19,0.3268,0,0.0,0.0
0,79,1.58,stand,0.20587,0.20587,0.03,-23.49,4.23,0.3271,0,0.0,0.0
0,80,1.6,stand,0.208,0.208,0.03,-24.01,4.26,0.3275,0,0.0,0.0
0,81,1.62,stand,0.21039,0.21039,0.03,-24.56,4.28,0.3279,0,0.0,0.0
0,82,1.64,stand,0.21254,0.21254,0.03,-25.01,4.31,0.3283,0,0.0,0.0
0,83,1.66,stand,0.21436,0.21436,0.03,-25.38,4.34,0.3286,0,0.0,0.0
0,84,1.68,stand,0.21581,0.21581,0.03,-25.66,4.37,0.329,0,0.0,0.0
0,85,1.7,stand,0.21674,0.21674,0.03,-25.82,4.38,0.3292,0,0.0,0.0
0,86,1.72,stand,0.21716,0.21716,0.03,-25.85,4.39,0.3295,0,0.0,0.0
0,87,1.74,stand,0.21711,0.21711,0.03,-25.76,4.39,0.3297,0,0.0,0.0
0,88,1.76,stand,0.21675,0.21675,0.03,-25.62,4.39,0.3298,0,0.0,0.0
0,89,1.78,stand,0.21628,0.21628,0.03,-25.46,4.37,0.3299,0,0.0,0.0
0,90,1.8,stand,0.21576,0.21576,0.03,-25.28,4.34,0.33,0,0.0,0.0
0,91,1.82,stand,0.21521,0.21521,0.03,-25.11,4.3,0.3301,0,0.0,0.0
0,92,1.84,stand,0.21461,0.21461,0.03,-24.92,4.25,0.3301,0,0.0,0.0
0,93,1.86,stand,0.21393,0.21393,0.03,-24.71,4.19,0.3301,0,0.0,0.0
0,94,1.88,stand,0.21327,0.21327,0.03,-24.52,4.13,0.3301,0,0.0,0.0
0,95,1.9,stand,0.21279,0.21279,0.03,-24.38,4.07,0.33,0,0.0,0.0
0,96,1.92,stand,0.2125,0.2125,0.03,-24.28,3.99,0.33,0,0.0,0.0
0,97,1.94,stand,0.21233,0.21233,0.03,-24.19,3.91,0.33,0,0.0,0.0
0,98,1.96,stand,0.21219,0.21219,0.03,-24.11,3.83,0.3299,0,0.0,0.0
0,99,1.98,stand,0.21213,0.21213,0.03,-24.06,3.75,0.3299,0,0.0,0.0
0,100,2.0,stand,0.21213,0.21213,0.03,-24.03,3.67,0.3298,0,0.0,0.0
0,101,2.02,stand,0.21234,0.21234,0.03,-24.04,3.6,0.3298,0,0.0,0.0
0,102,2.04,stand,0.21267,0.21267,0.03,-24.08,3.54,0.3297,0,0.0,0.0
0,103,2.06,stand,0.21317,0.21317,0.03,-24.14,3.48,0.3297,0,0.0,0.0
0,104,2.08,stand,0.21361,0.21361,0.03,-24.2,3.42,0.3296,0,0.0,0.0
0,105,2.1,stand,0.21396,0.21396,0.03,-24.23,3.35,0.3296,0,0.0,0.0
0,106,2.12,stand,0.21416,0.21416,0.03,-24.22,3.28,0.3295,0,0.0,0.0
0,107,2.14,stand,0.21429,0.21429,0.03,-24.2,3.21,0.3295,0,0.0,0.0
0,108,2.16,stand,0.21443,0.21443,0.03,-24.19,3.13,0.3294,0,0.0,0.0
0,109,2.18,stand,0.21463,0.21463,0.03,-24.19,3.05,0.3293,0,0.0,0.0
0,110,2.2,stand,0.21495,0.21495,0.03,-24.22,2.98,0.3293,0,0.0,0.0
0,111,2.22,stand,0.21541,0.21541,0.03,-24.29,2.9,0.3292,0,0.0,0.0
0,112,2.24,stand,0.21599,0.21599,0.03,-24.38,2.83,0.3292,0,0.0,0.0
0,113,2.26,stand,0.21658,0.21658,0.03,-24.47,2.76,0.3291,0,0.0,0.0
0,114,2.28,stand,0.21712,0.21712,0.03,-24.54,2.69,0.329,0,0.0,0.0
0,115,2.3,stand,0.21762,0.21762,0.03,-24.62,2.61,0.329,0,0.0,0.0
0,116,2.32,stand,0.21811,0.21811,0.03,-24.69,2.55,0.3289,0,0.0,0.0
0,117,2.34,stand,0.21861,0.21861,0.03,-24.78,2.48,0.3289,0,0.0,0.0
0,118,2.36,stand,0.21912,0.21912,0.03,-24.86,2.41,0.3289,0,0.0,0.0
0,119,2.38,stand,0.21961,0.21961,0.03,-24.95,2.35,0.3288,0,0.0,0.0
0,120,2.4,stand,0.22006,0.22006,0.03,-25.02,2.28,0.3288,0,0.0,0.0
0,121,2.42,stand,0.22045,0.22045,0.03,-25.1,2.22,0.3288,0,0.0,0.0
0,122,2.44,stand,0.22072,0.22072,0.03,-25.14,2.16,0.3287,0,0.0,0.0
0,123,2.46,stand,0.22083,0.22083,0.03,-25.17,2.1,0.3287,0,0.0,0.0
0,124,2.48,approach,0.22076,0.22076,0.03,-25.16,2.04,0.3287,0,0.0,0.0
0,125,2.5,approach,0.21771,0.21771,0.03,-25.12,1.98,0.3286,0,0.0,0.0
0,126,2.52,approach,0.21461,0.21461,0.03,-25.1,1.98,0.3286,0,0.0,0.0
0,127,2.54,approach,0.21161,0.21161,0.03,-25.13,2.03,0.3286,0,0.0,0.0
0,128,2.56,approach,0.20873,0.20873,0.03,-25.19,2.13,0.3286,0,0.0,0.0
0,129,2.58,approach,0.20589,0.20589,0.03,-25.26,2.24,0.3285,0,0.0,0.0
0,130,2.6,approach,0.20307,0.20307,0.03,-25.32,2.33,0.3285,0,0.0,0.0
0,131,2.62,approach,0.20032,0.20032,0.03,-25.41,2.39,0.3285,0,0.0,0.0
0,132,2.64,approach,0.19766,0.19766,0.03,-25.51,2.41,0.3285,0,0.0,0.0
0,133,2.66,approach,0.19506,0.19506,0.03,-25.62,2.41,0.3284,0,0.0,0.0
0,134,2.68,approach,0.1925,0.1925,0.03,-25.74,2.38,0.3284,0,0.0,0.0
0,135,2.7,approach,0.18996,0.18996,0.03,-25.85,2.35,0.3284,0,0.0,0.0
0,136,2.72,approach,0.18743,0.18743,0.03,-25.96,2.32,0.3284,0,0.0,0.0
0,137,2.74,approach,0.18491,0.18491,0.03,-26.07,2.29,0.3284,0,0.0,0.0
0,138,2.76,approach,0.18239,0.18239,0.03,-26.17,2.25,0.3283,0,0.0,0.0
0,139,2.78,approach,0.17988,0.17988,0.03,-26.26,2.22,0.3283,0,0.0,0.0
0,140,2.8,approach,0.17737,0.17737,0.03,-26.35,2.18,0.3283,0,0.0,0.0
0,141,2.82,approach,0.17487,0.17487,0.03,-26.44,2.14,0.3282,0,0.0,0.0
0,142,2.84,approach,0.17237,0.17237,0.03,-26.51,2.1,0.3282,0,0.0,0.0
0,143,2.86,approach,0.1699,0.1699,0.03,-26.59,2.06,0.3282,0,0.0,0.0
0,144,2.88,approach,0.16746,0.16746,0.03,-26.66,2.02,0.3281,0,0.0,0.0
0,145,2.9,approach,0.16504,0.16504,0.03,-26.73,1.98,0.328,0,0.0,0.0
0,146,2.92,approach,0.16262,0.16262,0.03,-26.8,1.94,0.328,0,0.0,0.0
0,147,2.94,approach,0.16019,0.16019,0.03,-26.86,1.9,0.3279,0,0.0,0.0
0,148,2.96,approach,0.15774,0.15774,0.03,-26.91,1.86,0.3278,0,0.0,0.0
0,149,2.98,approach,0.15529,0.15529,0.03,-26.96,1.82,0.3278,0,0.0,0.0
0,150,3.0,approach,0.15286,0.15286,0.03,-27.0,1.78,0.3277,0,0.0,0.0
0,151,3.02,approach,0.15044,0.15044,0.03,-27.05,1.74,0.3276,0,0.0,0.0
0,152,3.04,approach,0.14802,0.14802,0.03,-27.09,1.7,0.3275,0,0.0,0.0
0,153,3.06,approach,0.14562,0.14562,0.03,-27.14,1.66,0.3274,0,0.0,0.0
0,154,3.08,approach,0.14326,0.14326,0.03,-27.18,1.63,0.3273,0,0.0,0.0
0,155,3.1,approach,0.14093,0.14093,0.03,-27.24,1.59,0.3272,0,0.0,0.0
0,156,3.12,approach,0.13865,0.13865,0.03,-27.29,1.55,0.3271,0,0.0,0.0
0,157,3.14,approach,0.13639,0.13639,0.03,-27.36,1.51,0.327,0,0.0,0.0
0,158,3.16,approach,0.13418,0.13418,0.03,-27.42,1.48,0.3269,0,0.0,0.0
0,159,3.18,approach,0.13199,0.13199,0.03,-27.5,1.44,0.3268,0,0.0,0.0
0,160,3.2,approach,0.12984,0.12984,0.03,-27.57,1.4,0.3267,0,0.0,0.0
0,161,3.22,approach,0.12768,0.12768,0.03,-27.64,1.37,0.3266,0,0.0,0.0
0,162,3.24,approach,0.12556,0.12556,0.03,-27.71,1.33,0.3265,0,0.0,0.0
0,163,3.26,approach,0.12346,0.12346,0.03,-27.79,1.3,0.3264,0,0.0,0.0
0,164,3.28,approach,0.12142,0.12142,0.03,-27.88,1.26,0.3263,0,0.0,0.0
0,165,3.3,approach,0.1194,0.1194,0.03,-27.97,1.23,0.3262,0,0.0,0.0
0,166,3.32,approach,0.11745,0.11745,0.03,-28.07,1.2,0.3261,0,0.0,0.0
0,167,3.34,approach,0.1155,0.1155,0.03,-28.17,1.16,0.326,0,0.0,0.0
0,168,3.36,approach,0.11362,0.11362,0.03,-28.28,1.13,0.3259,0,0.0,0.0
0,169,3.38,approach,0.11173,0.11173,0.03,-28.39,1.1,0.3258,0,0.0,0.0
0,170,3.4,approach,0.10991,0.10991,0.03,-28.5,1.07,0.3257,0,0.0,0.0
0,171,3.42,approach,0.10807,0.10807,0.03,-28.62,1.04,0.3256,0,0.0,0.0
0,172,3.44,approach,0.1063,0.1063,0.03,-28.74,1.02,0.3255,0,0.0,0.0
0,173,3.46,approach,0.1045,0.1045,0.03,-28.86,0.99,0.3254,0,0.0,0.0
0,174,3.48,approach,0.10277,0.10277,0.03,-28.99,0.96,0.3253,0,0.0,0.0
0,175,3.5,approach,0.10101,0.10101,0.03,-29.12,0.93,0.3252,0,0.0,0.0
0,176,3.52,approach,0.09933,0.09933,0.03,-29.25,0.9,0.3251,0,0.0,0.0
0,177,3.54,approach,0.09762,0.09762,0.03,-29.38,0.87,0.325,0,0.0,0.0
0,178,3.56,approach,0.09597,0.09597,0.03,-29.52,0.85,0.3249,0,0.0,0.0
0,179,3.58,approach,0.09429,0.09429,0.03,-29.66,0.82,0.3248,0,0.0,0.0
0,180,3.6,approach,0.09268,0.09268,0.03,-29.8,0.8,0.3247,0,0.0,0.0
0,181,3.62,approach,0.09102,0.09102,0.03,-29.93,0.77,0.3246,0,0.0,0.0
0,182,3.64,approach,0.08943,0.08943,0.03,-30.07,0.74,0.3245,0,0.0,0.0
0,183,3.66,approach,0.0878,0.0878,0.03,-30.21,0.72,0.3244,0,0.0,0.0
0,184,3.68,approach,0.08625,0.08625,0.03,-30.35,0.69,0.3243,0,0.0,0.0
0,185,3.7,approach,0.08465,0.08465,0.03,-30.48,0.66,0.3242,0,0.0,0.0
0,186,3.72,approach,0.08314,0.08314,0.03,-30.63,0.64,0.3241,0,0.0,0.0
0,187,3.74,approach,0.08156,0.08156,0.03,-30.76,0.61,0.324,0,0.0,0.0
0,188,3.76,approach,0.08009,0.08009,0.03,-30.91,0.59,0.3239,0,0.0,0.0
0,189,3.78,approach,0.07856,0.07856,0.03,-31.04,0.56,0.3238,0,0.0,0.0
0,190,3.8,approach,0.07715,0.07715,0.03,-31.19,0.54,0.3237,0,0.0,0.0
0,191,3.82,approach,0.07565,0.07565,0.03,-31.33,0.51,0.3236,0,0.0,0.0
0,192,3.84,approach,0.07429,0.07429,0.03,-31.48,0.49,0.3235,0,0.0,0.0
0,193,3.86,approach,0.07284,0.07284,0.03,-31.62,0.47,0.3234,0,0.0,0.0
0,194,3.88,approach,0.07153,0.07153,0.03,-31.77,0.45,0.3233,0,0.0,0.0
0,195,3.9,approach,0.07014,0.07014,0.03,-31.91,0.42,0.3232,0,0.0,0.0
0,196,3.92,approach,0.0689,0.0689,0.03,-32.07,0.4,0.3231,0,0.0,0.0
0,197,3.94,approach,0.06755,0.06755,0.03,-32.21,0.38,0.323,0,0.0,0.0
0,198,3.96,approach,0.06637,0.06637,0.03,-32.37,0.36,0.3228,0,0.0,0.0
0,199,3.98,approach,0.06506,0.06506,0.03,-32.51,0.33,0.3227,0,0.0,0.0
0,200,4.0,approach,0.06393,0.06393,0.03,-32.67,0.31,0.3226,0,0.0,0.0
0,201,4.02,approach,0.06269,0.06269,0.03,-32.82,0.29,0.3225,0,0.0,0.0
0,202,4.04,approach,0.06165,0.06165,0.03,-32.97,0.27,0.3224,0,0.0,0.0
0,203,4.06,approach,0.06045,0.06045,0.03,-33.12,0.24,0.3222,0,0.0,0.0
0,204,4.08,approach,0.05948,0.05948,0.03,-33.28,0.22,0.3221,0,0.0,0.0
0,205,4.1,approach,0.05833,0.05833,0.03,-33.43,0.2,0.322,0,0.0,0.0
0,206,4.12,approach,0.05742,0.05742,0.03,-33.58,0.18,0.3218,0,0.0,0.0
0,207,4.14,approach,0.05635,0.05635,0.03,-33.74,0.15,0.3217,0,0.0,0.0
0,208,4.16,approach,0.05552,0.05552,0.03,-33.9,0.14,0.3216,0,0.0,0.0
0,209,4.18,approach,0.05449,0.05449,0.03,-34.05,0.11,0.3214,0,0.0,0.0
0,210,4.2,approach,0.05372,0.05372,0.03,-34.2,0.09,0.3213,0,0.0,0.0
0,211,4.22,approach,0.05275,0.05275,0.03,-34.36,0.07,0.3211,0,0.0,0.0
0,212,4.24,approach,0.05205,0.05205,0.03,-34.51,0.05,0.321,0,0.0,0.0
0,213,4.26,approach,0.05115,0.05115,0.03,-34.67,0.02,0.3208,0,0.0,0.0
0,214,4.28,approach,0.05055,0.05055,0.03,-34.83,0.01,0.3207,0,0.0,0.0
0,215,4.3,approach,0.04969,0.04969,0.03,-34.98,0.02,0.3205,0,0.0,0.0
0,216,4.32,approach,0.04915,0.04915,0.03,-35.15,0.04,0.3204,0,0.0,0.0
0,217,4.34,approach,0.04837,0.04837,0.03,-35.3,0.07,0.3202,0,0.0,0.0
0,218,4.36,approach,0.0479,0.0479,0.03,-35.46,0.08,0.3201,0,0.0,0.0
0,219,4.38,approach,0.04718,0.04718,0.03,-35.62,0.11,0.3199,0,0.0,0.0
0,220,4.4,approach,0.04678,0.04678,0.03,-35.78,0.13,0.3198,0,0.0,0.0
0,221,4.42,approach,0.04611,0.04611,0.03,-35.94,0.15,0.3196,0,0.0,0.0
0,222,4.44,approach,0.04579,0.04579,0.03,-36.1,0.17,0.3195,0,0.0,0.0
0,223,4.46,approach,0.04518,0.04518,0.03,-36.25,0.2,0.3193,0,0.0,0.0
0,224,4.48,enter,0.04489,0.04489,0.03,-36.42,0.21,0.3192,0,0.0,0.0
0,225,4.5,enter,0.04531,0.04531,0.03,-36.57,0.24,0.319,0,0.0,0.0
0,226,4.52,enter,0.04569,0.04569,0.03,-36.61,0.26,0.3188,0,0.0,0.0
0,227,4.54,enter,0.04609,0.04609,0.03,-36.46,0.31,0.3186,0,0.0,0.0
0,228,4.56,enter,0.04636,0.04636,0.03,-36.2,0.4,0.3184,0,0.0,0.0
0,229,4.58,enter,0.04653,0.04653,0.03,-35.93,0.5,0.3183,0,0.0,0.0
0,230,4.6,enter,0.04675,0.04675,0.03,-35.67,0.6,0.3181,0,0.0,0.0
0,231,4.62,enter,0.04711,0.04711,0.03,-35.4,0.69,0.3179,0,0.0,0.0
0,232,4.64,enter,0.04747,0.04747,0.03,-35.12,0.79,0.3178,0,0.0,0.0
0,233,4.66,enter,0.04783,0.04783,0.03,-34.88,0.88,0.3176,0,0.0,0.0
0,234,4.68,enter,0.04817,0.04817,0.03,-34.66,0.98,0.3175,0,0.0,0.0
0,235,4.7,enter,0.0485,0.0485,0.03,-34.46,1.06,0.3174,0,0.0,0.0
0,236,4.72,enter,0.04963,0.04963,0.03,-34.29,1.11,0.3173,0,0.0,0.0
0,237,4.74,enter,0.05117,0.05117,0.03,-34.03,1.09,0.3172,0,0.0,0.0
0,238,4.76,enter,0.0494,0.0494,0.03,-33.58,1.16,0.3171,0,0.0,0.0
0,239,4.78,enter,0.04933,0.04933,0.03,-32.99,1.16,0.317,0,0.0,0.0
0,240,4.8,enter,0.04822,0.04822,0.03,-32.4,1.24,0.3169,0,0.0,0.0
0,241,4.82,enter,0.04807,0.04807,0.03,-31.86,1.28,0.3168,0,0.0,0.0
0,242,4.84,enter,0.04759,0.04759,0.03,-31.35,1.34,0.3168,0,0.0,0.0
0,243,4.86,enter,0.04793,0.04793,0.03,-30.87,1.36,0.3168,0,0.0,0.0
0,244,4.88,enter,0.04929,0.04929,0.03,-30.44,1.36,0.3167,0,0.0,0.0
0,245,4.9,enter,0.05073,0.05073,0.03,-30.03,1.18,0.3167,0,0.0,0.0
0,246,4.92,enter,0.05035,0.05035,0.03,-29.63,1.09,0.3168,0,0.0,0.0
0,247,4.94,enter,0.04874,0.04874,0.03,-29.27,1.0,0.3168,0,0.0,0.0
0,248,4.96,enter,0.04769,0.04769,0.03,-29.0,0.86,0.3168,0,0.0,0.0
0,249,4.98,enter,0.04701,0.04701,0.03,-28.81,0.69,0.3169,0,0.0,0.0
0,250,5.0,enter,0.04631,0.04631,0.03,-28.63,0.54,0.317,0,0.0,0.0
0,251,5.02,enter,0.04544,0.04544,0.03,-28.45,0.41,0.3171,0,0.0,0.0
0,252,5.04,enter,0.04444,0.04444,0.03,-28.32,0.27,0.3171,0,0.0,0.0
0,253,5.06,enter,0.0434,0.0434,0.03,-28.23,0.14,0.3172,0,0.0,0.0
0,254,5.08,enter,0.04234,0.04234,0.03,-28.17,0.01,0.3174,0,0.0,0.0
0,255,5.1,enter,0.04082,0.04082,0.03,-28.16,0.26,0.3174,0,0.0009,1.93
0,256,5.12,enter,0.04124,0.04124,0.03,-27.97,0.43,0.3175,0,0.0018,3.87
0,257,5.14,enter,0.0408,0.0408,0.03,-27.8,0.55,0.3176,0,0.0022,4.66
0,258,5.16,enter,0.03937,0.03937,0.03,-27.62,0.65,0.3176,0,0.003,6.24
0,259,5.18,enter,0.03896,0.03896,0.03,-27.5,0.81,0.3177,0,0.0036,7.47
0,260,5.2,enter,0.03822,0.03822,0.03,-27.39,0.95,0.3177,0,0.0042,8.8
0,261,5.22,enter,0.03791,0.03791,0.03,-27.28,1.11,0.3177,0,0.0048,10.01
0,262,5.24,enter,0.03714,0.03714,0.03,-27.12,1.22,0.3177,0,0.0051,10.77
0,263,5.26,enter,0.03698,0.03698,0.03,-26.97,1.39,0.3177,0,0.0056,11.85
0,264,5.28,enter,0.0363,0.0363,0.03,-26.85,1.56,0.3177,0,0.0061,12.74
0,265,5.3,enter,0.03617,0.03617,0.03,-26.69,1.75,0.3176,0,0.0067,14.02
0,266,5.32,enter,0.03562,0.03562,0.03,-26.51,1.92,0.3175,0,0.007,14.69
0,267,5.34,enter,0.035,0.035,0.03,-26.31,2.07,0.3174,0,0.0071,14.98
0,268,5.36,enter,0.03458,0.03458,0.03,-26.14,2.25,0.3173,0,0.0077,16.19
0,269,5.38,enter,0.03437,0.03437,0.03,-25.98,2.45,0.3171,0,0.0081,17.11
0,270,5.4,enter,0.034,0.034,0.03,-25.8,2.65,0.317,0,0.0083,17.58
0,271,5.42,enter,0.03361,0.03361,0.03,-25.6,2.84,0.3168,0,0.0083,17.62
0,272,5.44,enter,0.0332,0.0332,0.03,-25.4,3.0,0.3166,0,0.0083,17.68
0,273,5.46,enter,0.0336,0.0336,0.03,-25.22,3.23,0.3164,0,0.0088,18.58
0,274,5.48,enter,0.03355,0.03355,0.03,-25.0,3.43,0.3162,0,0.0089,18.98
0,275,5.5,enter,0.03327,0.03327,0.03,-24.76,3.61,0.3159,0,0.0088,18.71
0,276,5.52,enter,0.03301,0.03301,0.03,-24.55,3.8,0.3157,0,0.0085,18.1
0,277,5.54,enter,0.03245,0.03245,0.03,-24.39,4.0,0.3155,0,0.0088,18.57
0,278,5.56,enter,0.03292,0.03292,0.03,-24.24,4.23,0.3152,0,0.009,19.02
0,279,5.58,enter,0.03314,0.03314,0.03,-24.04,4.42,0.315,0,0.009,19.12
0,280,5.6,enter,0.03324,0.03324,0.03,-23.83,4.61,0.3147,0,0.0089,18.89
0,281,5.62,enter,0.03322,0.03322,0.03,-23.66,4.78,0.3145,0,0.0086,18.29
0,282,5.64,enter,0.03308,0.03308,0.03,-23.51,4.94,0.3143,0,0.0087,18.46
0,283,5.66,enter,0.03339,0.03339,0.03,-23.36,5.13,0.314,0,0.0091,19.4
0,284,5.68,enter,0.0339,0.0339,0.03,-23.22,5.32,0.3138,0,0.0095,20.26
0,285,5.7,enter,0.03417,0.03417,0.03,-23.06,5.5,0.3136,0,0.0096,20.43
0,286,5.72,enter,0.03421,0.03421,0.03,-22.93,5.66,0.3133,0,0.0095,20.26
0,287,5.74,enter,0.03414,0.03414,0.03,-22.84,5.87,0.3131,0,0.0102,21.38
0,288,5.76,enter,0.03491,0.03491,0.03,-22.72,6.07,0.3129,0,0.0109,22.63
0,289,5.78,close,0.03548,0.03548,0.03,-22.55,6.24,0.3127,0,0.0106,22.75
0,290,5.8,close,0.03478,0.03478,0.02925,-22.39,6.4,0.3125,0,0.0105,22.53
0,291,5.82,close,0.03402,0.03402,0.0285,-22.34,6.61,0.3123,0,0.0104,22.43
0,292,5.84,close,0.0337,0.0337,0.02775,-22.28,6.9,0.3122,0,0.011,23.49
0,293,5.86,close,0.0337,0.0337,0.027,-22.0,7.11,0.312,0,0.0113,24.21
0,294,5.88,close,0.03357,0.03357,0.02625,-21.71,7.28,0.3118,0,0.0113,24.18
0,295,5.9,close,0.03311,0.03311,0.0255,-21.43,7.43,0.3116,0,0.0111,23.79
0,296,5.92,close,0.033,0.033,0.02475,-20.97,7.85,0.3114,0,0.0111,23.75
0,297,5.94,close,0.0342,0.0342,0.024,-20.41,8.08,0.3113,0,0.0112,24.14
0,298,5.96,close,0.03555,0.03555,0.02325,-19.84,8.25,0.3111,0,0.0113,24.16
0,299,5.98,close,0.03627,0.03627,0.0225,-19.41,8.48,0.3109,0,0.0112,24.08
0,300,6.0,close,0.03654,0.03654,0.02175,-19.1,8.76,0.3108,0,0.0112,24.08
0,301,6.02,close,0.03682,0.03682,0.021,-18.88,9.09,0.3106,0,0.0113,24.18
0,302,6.04,close,0.03725,0.03725,0.02025,-18.65,9.39,0.3105,0,0.0113,24.23
0,303,6.06,close,0.03775,0.03775,0.0195,-18.42,9.76,0.3103,0,0.0113,24.28
0,304,6.08,close,0.03809,0.03809,0.01875,-18.18,10.41,0.3102,0,0.0112,24.11
0,305,6.1,close,0.03968,0.03968,0.018,-17.77,10.94,0.3101,0,0.0112,24.07
0,306,6.12,close,0.0419,0.0419,0.01725,-17.33,11.42,0.3099,0,0.0114,24.45
0,307,6.14,close,0.04346,0.04346,0.0165,-17.03,11.56,0.3098,0,0.0116,25.01
0,308,6.16,close,0.0436,0.0436,0.01575,-16.92,12.05,0.3097,0,0.0118,25.53
0,309,6.18,close,0.04312,0.04312,0.015,-16.91,12.58,0.3097,0,0.012,25.79
0,310,6.2,close,0.04331,0.04331,0.01425,-16.94,13.06,0.3096,0,0.0121,26.26
0,311,6.22,close,0.04494,0.04494,0.0135,-16.77,13.27,0.3096,0,0.0123,26.47
0,312,6.24,close,0.04531,0.04531,0.01275,-16.71,13.48,0.3096,0,0.0123,26.67
0,313,6.26,close,0.04437,0.04437,0.012,-16.84,13.62,0.3096,0,0.0122,26.43
0,314,6.28,close,0.04337,0.04337,0.01125,-16.94,14.14,0.3096,0,0.0121,26.11
0,315,6.3,close,0.04414,0.04414,0.0105,-16.91,14.64,0.3096,0,0.0122,26.22
0,316,6.32,close,0.04438,0.04438,0.00975,-16.88,14.96,0.3097,0,0.0121,26.19
0,317,6.34,close,0.04176,0.04176,0.009,-17.09,14.88,0.3097,0,0.0119,25.68
0,318,6.36,close,0.04354,0.04354,0.00825,-16.51,15.31,0.3098,0,0.0118,25.39
0,319,6.38,close,0.0466,0.0466,0.0075,-15.83,15.09,0.3099,0,0.012,25.81
0,320,6.4,close,0.04961,0.04961,0.00675,-15.35,15.03,0.3099,0,0.0122,26.45
0,321,6.42,close,0.05257,0.05257,0.006,-14.88,14.89,0.3099,0,0.0129,27.92
0,322,6.44,close,0.05632,0.05632,0.00525,-14.32,14.77,0.3098,0,0.0136,29.54
0,323,6.46,close,0.06061,0.06061,0.0045,-13.71,14.74,0.3096,0,0.014,30.69
0,324,6.48,close,0.06449,0.06449,0.00375,-13.14,14.72,0.3094,0,0.0146,31.97
0,325,6.5,close,0.06819,0.06819,0.003,-12.58,14.68,0.3092,0,0.0151,33.41
0,326,6.52,close,0.07222,0.07222,0.00225,-11.99,14.64,0.309,0,0.0158,35.12
0,327,6.54,close,0.07656,0.07656,0.0015,-11.35,14.6,0.3087,0,0.0166,37.16
0,328,6.56,close,0.08085,0.08085,0.00075,-10.69,14.54,0.3084,0,0.0176,39.65
0,329,6.58,lift,0.08501,0.08501,0.0,-10.05,14.46,0.3081,0,0.0187,42.74
0,330,6.6,lift,0.08802,0.08802,0.0,-9.41,14.38,0.3078,0,0.02,46.58
0,331,6.62,lift,0.09148,0.09148,0.0,-8.71,14.31,0.3075,0,0.0215,51.39
0,332,6.64,lift,0.09552,0.09552,0.0,-7.94,14.25,0.3072,0,0.0232,57.41
0,333,6.66,lift,0.09985,0.09985,0.0,-7.12,14.19,0.3068,0,0.0249,64.92
0,334,6.68,lift,0.10413,0.10413,0.0,-6.29,14.13,0.3065,0,0.0265,74.24
0,335,6.7,lift,0.10811,0.10811,0.0,-5.51,14.06,0.3062,0,0.0275,85.65
0,336,6.72,lift,0.11188,0.11188,0.0,-4.75,14.0,0.306,0,0.0275,90.0
0,337,6.74,lift,0.11564,0.11564,0.0,-3.99,13.93,0.3057,0,0.0275,90.0
0,338,6.76,lift,0.11943,0.11943,0.0,-3.21,13.86,0.3054,0,0.0275,90.0
0,339,6.78,lift,0.12319,0.12319,0.0,-2.43,13.78,0.3051,0,0.0275,90.0
0,340,6.8,lift,0.12678,0.12678,0.0,-1.66,13.71,0.3049,0,0.0275,90.0
0,341,6.82,lift,0.13015,0.13015,0.0,-0.93,13.62,0.3046,0,0.0275,90.0
0,342,6.84,lift,0.13335,0.13335,0.0,-0.21,13.53,0.3043,0,0.0275,90.0
0,343,6.86,lift,0.13639,0.13639,0.0,0.49,13.45,0.3041,0,0.0275,90.0
0,344,6.88,lift,0.13928,0.13928,0.0,1.17,13.36,0.3038,0,0.0275,90.0
0,345,6.9,lift,0.1421,0.1421,0.0,1.83,13.28,0.3035,0,0.0275,90.0
0,346,6.92,lift,0.14487,0.14487,0.0,2.5,13.2,0.3033,0,0.0275,90.0
0,347,6.94,lift,0.14753,0.14753,0.0,3.13,13.13,0.303,0,0.0275,90.0
0,348,6.96,lift,0.15015,0.15015,0.0,3.73,13.09,0.3027,0,0.0275,90.0
0,349,6.98,lift,0.15293,0.15293,0.0,4.26,13.13,0.3024,0,0.0275,90.0
0,350,7.0,lift,0.15614,0.15614,0.0,4.84,13.17,0.3022,0,0.0275,90.0
0,351,7.02,lift,0.15944,0.15944,0.0,5.43,13.16,0.3019,0,0.0275,90.0
0,352,7.04,lift,0.16255,0.16255,0.0,6.08,13.08,0.3016,0,0.0275,90.0
0,353,7.06,lift,0.16522,0.16522,0.0,6.71,12.94,0.3014,0,0.0275,90.0
0,354,7.08,lift,0.16756,0.16756,0.0,7.29,12.81,0.3011,0,0.0275,90.0
0,355,7.1,lift,0.16991,0.16991,0.0,7.86,12.7,0.3009,0,0.0275,90.0
0,356,7.12,lift,0.17239,0.17239,0.0,8.44,12.59,0.3006,0,0.0275,90.0
0,357,7.14,lift,0.17483,0.17483,0.0,9.02,12.47,0.3004,0,0.0275,90.0
0,358,7.16,lift,0.17714,0.17714,0.0,9.58,12.34,0.3001,0,0.0275,90.0
0,359,7.18,lift,0.17944,0.17944,0.0,10.13,12.21,0.2999,0,0.0275,90.0
0,360,7.2,lift,0.18181,0.18181,0.0,10.68,12.08,0.2996,0,0.0275,90.0
0,361,7.22,lift,0.18422,0.18422,0.0,11.24,11.94,0.2994,0,0.0275,90.0
0,362,7.24,lift,0.18659,0.18659,0.0,11.79,11.79,0.2991,0,0.0275,90.0
0,363,7.26,lift,0.18888,0.18888,0.0,12.32,11.64,0.2988,0,0.0275,90.0
0,364,7.28,lift,0.19089,0.19089,0.0,12.81,11.43,0.2985,0,0.0275,90.0
0,365,7.3,lift,0.1927,0.1927,0.0,13.27,11.22,0.2982,0,0.0275,90.0
0,366,7.32,lift,0.19445,0.19445,0.0,13.72,11.04,0.2978,0,0.0275,90.0
0,367,7.34,lift,0.19625,0.19625,0.0,14.17,10.87,0.2975,0,0.0275,90.0
0,368,7.36,lift,0.1981,0.1981,0.0,14.62,10.7,0.2971,0,0.0275,90.0
0,369,7.38,lift,0.19992,0.19992,0.0,15.07,10.52,0.2967,0,0.0275,90.0
0,370,7.4,lift,0.2016,0.2016,0.0,15.5,10.33,0.2963,0,0.0275,90.0
0,371,7.42,lift,0.20319,0.20319,0.0,15.91,10.14,0.2958,0,0.0275,90.0
0,372,7.44,lift,0.20472,0.20472,0.0,16.31,9.96,0.2954,0,0.0275,90.0
0,373,7.46,lift,0.2062,0.2062,0.0,16.7,9.76,0.2949,0,0.0275,90.0
0,374,7.48,lift,0.20757,0.20757,0.0,17.07,9.57,0.2944,0,0.0275,90.0
0,375,7.5,lift,0.20876,0.20876,0.0,17.41,9.38,0.294,0,0.0275,90.0
0,376,7.52,lift,0.20979,0.20979,0.0,17.73,9.19,0.2935,0,0.0275,90.0
0,377,7.54,lift,0.21073,0.21073,0.0,18.02,8.99,0.293,0,0.0275,90.0
0,378,7.56,lift,0.21164,0.21164,0.0,18.31,8.8,0.2925,0,0.0275,90.0
0,379,7.58,lift,0.21247,0.21247,0.0,18.59,8.62,0.292,0,0.0275,90.0
0,380,7.6,lift,0.21319,0.21319,0.0,18.86,8.43,0.2915,0,0.0275,90.0
0,381,7.62,lift,0.21381,0.21381,0.0,19.1,8.25,0.291,0,0.0275,90.0
0,382,7.64,lift,0.21437,0.21437,0.0,19.34,8.09,0.2905,0,0.0275,90.0
0,383,7.66,lift,0.21485,0.21485,0.0,19.56,7.91,0.29,0,0.0275,90.0
0,384,7.68,lift,0.2153,0.2153,0.0,19.77,7.75,0.2895,0,0.0275,90.0
0,385,7.7,lift,0.2157,0.2157,0.0,19.98,7.58,0.289,0,0.0275,90.0
0,386,7.72,lift,0.21606,0.21606,0.0,20.18,7.42,0.2885,0,0.0275,90.0
0,387,7.74,lift,0.2164,0.2164,0.0,20.37,7.28,0.288,0,0.0275,90.0
0,388,7.76,lift,0.21674,0.21674,0.0,20.56,7.13,0.2875,0,0.0275,90.0
0,389,7.78,lift,0.21708,0.21708,0.0,20.75,6.99,0.287,0,0.0275,90.0
0,390,7.8,lift,0.2174,0.2174,0.0,20.93,6.87,0.2865,0,0.0275,90.0
0,391,7.82,lift,0.21768,0.21768,0.0,21.11,6.74,0.286,0,0.0275,90.0
0,392,7.84,lift,0.21793,0.21793,0.0,21.28,6.61,0.2855,0,0.0275,90.0
0,393,7.86,lift,0.21817,0.21817,0.0,21.44,6.49,0.2849,0,0.0275,90.0
0,394,7.88,lift,0.21832,0.21832,0.0,21.6,6.37,0.2844,0,0.0275,90.0
0,395,7.9,lift,0.21837,0.21837,0.0,21.74,6.25,0.2839,0,0.0275,90.0
0,396,7.92,lift,0.21836,0.21836,0.0,21.87,6.13,0.2834,0,0.0275,90.0
0,397,7.94,lift,0.21832,0.21832,0.0,22.0,6.0,0.2828,0,0.0275,90.0
0,398,7.96,lift,0.21823,0.21823,0.0,22.12,5.88,0.2823,0,0.0275,90.0
0,399,7.98,lift,0.21797,0.21797,0.0,22.22,5.76,0.2818,0,0.0275,90.0
0,400,8.0,lift,0.21761,0.21761,0.0,22.31,5.63,0.2812,0,0.0275,90.0
0,401,8.02,lift,0.2173,0.2173,0.0,22.41,5.51,0.2806,0,0.0275,90.0
0,402,8.04,lift,0.21685,0.21685,0.0,22.49,5.39,0.28,0,0.0275,90.0
0,403,8.06,lift,0.21621,0.21621,0.0,22.56,5.25,0.2794,0,0.0275,90.0
0,404,8.08,lift,0.21563,0.21563,0.0,22.63,5.13,0.2788,0,0.0275,90.0
0,405,8.1,lift,0.21492,0.21492,0.0,22.68,5.0,0.2781,0,0.0275,90.0
0,406,8.12,lift,0.21402,0.21402,0.0,22.71,4.87,0.2775,0,0.0275,90.0
0,407,8.14,lift,0.21315,0.21315,0.0,22.75,4.74,0.2768,0,0.0275,90.0
0,408,8.16,lift,0.21212,0.21212,0.0,22.77,4.61,0.2761,0,0.0275,90.0
0,409,8.18,lift,0.21095,0.21095,0.0,22.76,4.48,0.2754,0,0.0275,90.0
0,410,8.2,lift,0.20996,0.20996,0.0,22.79,4.34,0.2747,0,0.0275,90.0
0,411,8.22,lift,0.20894,0.20894,0.0,22.81,4.23,0.274,0,0.0275,90.0
0,412,8.24,lift,0.2076,0.2076,0.0,22.79,4.1,0.2733,0,0.0275,90.0
0,413,8.26,lift,0.20622,0.20622,0.0,22.75,3.96,0.2726,0,0.0275,90.0
0,414,8.28,lift,0.20466,0.20466,0.0,22.68,3.8,0.2719,0,0.0275,90.0
0,415,8.3,lift,0.20287,0.20287,0.0,22.59,3.64,0.2713,0,0.0275,90.0
0,416,8.32,lift,0.20102,0.20102,0.0,22.49,3.48,0.2706,0,0.0275,90.0
0,417,8.34,lift,0.19908,0.19908,0.0,22.38,3.31,0.27,0,0.0275,90.0
0,418,8.36,lift,0.19692,0.19692,0.0,22.22,3.15,0.2695,0,0.0275,90.0
0,419,8.38,lift,0.19457,0.19457,0.0,22.03,2.96,0.269,0,0.0275,90.0
0,420,8.4,lift,0.19219,0.19219,0.0,21.83,2.76,0.2686,0,0.0275,90.0
0,421,8.42,lift,0.18977,0.18977,0.0,21.63,2.56,0.2683,0,0.0275,90.0
0,422,8.44,lift,0.18727,0.18727,0.0,21.4,2.37,0.268,0,0.0275,90.0
0,423,8.46,lift,0.18462,0.18462,0.0,21.14,2.17,0.2678,0,0.0275,90.0
0,424,8.48,lift,0.18178,0.18178,0.0,20.85,1.93,0.2677,0,0.0275,90.0
0,425,8.5,lift,0.17888,0.17888,0.0,20.56,1.68,0.2676,0,0.0275,90.0
0,426,8.52,lift,0.17593,0.17593,0.0,20.25,1.43,0.2677,0,0.0275,90.0
0,427,8.54,lift,0.17282,0.17282,0.0,19.91,1.18,0.2678,0,0.0275,90.0
0,428,8.56,lift,0.16952,0.16952,0.0,19.54,0.91,0.268,0,0.0275,90.0
0,429,8.58,hold,0.16611,0.16611,0.0,19.14,0.63,0.2683,0,0.0275,90.0
0,430,8.6,hold,0.16415,0.16415,0.0,18.75,0.34,0.2687,0,0.0275,90.0
0,431,8.62,hold,0.16197,0.16197,0.0,18.33,0.09,0.2691,0,0.0275,90.0
0,432,8.64,hold,0.1595,0.1595,0.0,17.87,0.18,0.2696,0,0.0275,90.0
0,433,8.66,hold,0.15651,0.15651,0.0,17.34,0.44,0.2702,0,0.0275,90.0
0,434,8.68,hold,0.15315,0.15315,0.0,16.76,0.73,0.2709,0,0.0275,90.0
0,435,8.7,hold,0.14982,0.14982,0.0,16.18,1.03,0.2716,0,0.0275,90.0
0,436,8.72,hold,0.14659,0.14659,0.0,15.64,1.28,0.2724,0,0.0275,90.0
0,437,8.74,hold,0.14341,0.14341,0.0,15.1,1.5,0.2733,0,0.0275,90.0
0,438,8.76,hold,0.14015,0.14015,0.0,14.55,1.72,0.2742,0,0.0275,90.0
0,439,8.78,hold,0.13688,0.13688,0.0,13.98,1.92,0.2752,0,0.0275,90.0
0,440,8.8,hold,0.13392,0.13392,0.0,13.45,2.11,0.2762,0,0.0275,90.0
0,441,8.82,hold,0.13123,0.13123,0.0,12.96,2.27,0.2772,0,0.0275,90.0
0,442,8.84,hold,0.12901,0.12901,0.0,12.52,2.4,0.2783,0,0.0275,90.0
0,443,8.86,hold,0.1271,0.1271,0.0,12.11,2.5,0.2794,0,0.0275,90.0
0,444,8.88,hold,0.12526,0.12526,0.0,11.71,2.6,0.2805,0,0.0275,90.0
0,445,8.9,hold,0.12363,0.12363,0.0,11.32,2.7,0.2816,0,0.0275,90.0
0,446,8.92,hold,0.12229,0.12229,0.0,10.98,2.79,0.2827,0,0.0275,90.0
0,447,8.94,hold,0.12128,0.12128,0.0,10.67,2.85,0.2838,0,0.0275,90.0
0,448,8.96,hold,0.12059,0.12059,0.0,10.39,2.9,0.2849,0,0.0275,90.0
0,449,8.98,hold,0.12006,0.12006,0.0,10.13,2.94,0.286,0,0.0275,90.0
0,450,9.0,hold,0.11973,0.11973,0.0,9.89,2.98,0.287,0,0.0275,90.0
0,451,9.02,hold,0.11966,0.11966,0.0,9.69,3.02,0.288,0,0.0275,90.0
0,452,9.04,hold,0.11981,0.11981,0.0,9.52,3.06,0.2889,0,0.0275,90.0
0,453,9.06,hold,0.12009,0.12009,0.0,9.36,3.09,0.2898,0,0.0275,90.0
0,454,9.08,hold,0.12037,0.12037,0.0,9.21,3.14,0.2907,0,0.0275,90.0
0,455,9.1,hold,0.12074,0.12074,0.0,9.07,3.19,0.2915,0,0.0275,90.0
0,456,9.12,hold,0.12124,0.12124,0.0,8.95,3.25,0.2922,0,0.0275,90.0
0,457,9.14,hold,0.12182,0.12182,0.0,8.85,3.32,0.2929,0,0.0275,90.0
0,458,9.16,hold,0.12238,0.12238,0.0,8.76,3.39,0.2935,0,0.0275,90.0
0,459,9.18,hold,0.12287,0.12287,0.0,8.67,3.47,0.294,0,0.0275,90.0
0,460,9.2,hold,0.12323,0.12323,0.0,8.58,3.56,0.2945,0,0.0275,90.0
0,461,9.22,hold,0.12352,0.12352,0.0,8.5,3.66,0.2949,0,0.0275,90.0
0,462,9.24,hold,0.12367,0.12367,0.0,8.42,3.79,0.2953,0,0.0275,90.0
0,463,9.26,hold,0.12365,0.12365,0.0,8.33,3.91,0.2956,0,0.0275,90.0
0,464,9.28,hold,0.12345,0.12345,0.0,8.22,4.05,0.2959,0,0.0275,90.0
0,465,9.3,hold,0.12307,0.12307,0.0,8.1,4.2,0.2962,0,0.0275,90.0
0,466,9.32,hold,0.12256,0.12256,0.0,7.98,4.36,0.2965,0,0.0275,90.0
0,467,9.34,hold,0.12194,0.12194,0.0,7.86,4.52,0.2967,0,0.0275,90.0
0,468,9.36,hold,0.12113,0.12113,0.0,7.73,4.7,0.297,0,0.0275,90.0
0,469,9.38,hold,0.12016,0.12016,0.0,7.58,4.88,0.2973,0,0.0275,90.0
0,470,9.4,hold,0.11905,0.11905,0.0,7.42,5.07,0.2976,0,0.0275,90.0
0,471,9.42,hold,0.11786,0.11786,0.0,7.26,5.25,0.2979,0,0.0275,90.0
0,472,9.44,hold,0.11661,0.11661,0.0,7.09,5.44,0.2982,0,0.0275,90.0
0,473,9.46,hold,0.11535,0.11535,0.0,6.92,5.63,0.2986,0,0.0275,90.0
0,474,9.48,hold,0.11411,0.11411,0.0,6.75,5.81,0.299,0,0.0275,90.0
0,475,9.5,hold,0.11285,0.11285,0.0,6.59,5.99,0.2994,0,0.0275,90.0
0,476,9.52,hold,0.1116,0.1116,0.0,6.42,6.17,0.2998,0,0.0275,90.0
0,477,9.54,hold,0.11039,0.11039,0.0,6.26,6.34,0.3003,0,0.0275,90.0
0,478,9.56,hold,0.10923,0.10923,0.0,6.11,6.51,0.3008,0,0.0275,90.0
0,479,9.58,hold,0.10809,0.10809,0.0,5.96,6.68,0.3013,0,0.0275,90.0
0,480,9.6,hold,0.10698,0.10698,0.0,5.81,6.84,0.3018,0,0.0275,90.0
0,481,9.62,hold,0.10588,0.10588,0.0,5.67,6.99,0.3023,0,0.0275,90.0
0,482,9.64,hold,0.10483,0.10483,0.0,5.53,7.15,0.3028,0,0.0275,90.0
0,483,9.66,hold,0.10381,0.10381,0.0,5.4,7.3,0.3034,0,0.0275,90.0
0,484,9.68,hold,0.10285,0.10285,0.0,5.28,7.45,0.3039,0,0.0275,90.0
0,485,9.7,hold,0.10193,0.10193,0.0,5.18,7.6,0.3045,0,0.0275,90.0
0,486,9.72,hold,0.10098,0.10098,0.0,5.07,7.74,0.305,0,0.0275,90.0
0,487,9.74,hold,0.09996,0.09996,0.0,4.97,7.89,0.3055,0,0.0275,90.0
0,488,9.76,hold,0.09892,0.09892,0.0,4.88,8.04,0.3061,0,0.0275,90.0
0,489,9.78,hold,0.09788,0.09788,0.0,4.79,8.19,0.3066,0,0.0275,90.0
0,490,9.8,hold,0.09686,0.09686,0.0,4.7,8.34,0.3071,0,0.0275,90.0
0,491,9.82,hold,0.0958,0.0958,0.0,4.62,8.49,0.3076,0,0.0275,90.0
0,492,9.84,hold,0.09473,0.09473,0.0,4.55,8.64,0.3081,0,0.0275,90.0
0,493,9.86,hold,0.09368,0.09368,0.0,4.48,8.79,0.3086,0,0.0275,90.0
0,494,9.88,hold,0.09267,0.09267,0.0,4.41,8.94,0.3091,0,0.0275,90.0
0,495,9.9,hold,0.09165,0.09165,0.0,4.36,9.09,0.3095,0,0.0275,90.0
0,496,9.92,hold,0.09066,0.09066,0.0,4.31,9.25,0.31,0,0.0275,90.0
0,497,9.94,hold,0.0896,0.0896,0.0,4.26,9.4,0.3104,0,0.0275,90.0
0,498,9.96,hold,0.08843,0.08843,0.0,4.21,9.57,0.3109,0,0.0275,90.0
0,499,9.98,hold,0.08709,0.08709,0.0,4.16,9.74,0.3113,0,0.0275,90.0
0,500,10.0,hold,0.08573,0.08573,0.0,4.11,9.92,0.3116,0,0.0275,90.0
0,501,10.02,hold,0.08454,0.08454,0.0,4.08,10.08,0.312,0,0.0275,90.0
0,502,10.04,hold,0.08346,0.08346,0.0,4.07,10.23,0.3123,0,0.0275,90.0
0,503,10.06,hold,0.0824,0.0824,0.0,4.05,10.39,0.3126,0,0.0275,90.0
0,504,10.08,done,0.08137,0.08137,0.0,4.05,10.55,0.3128,0,0.0275,90.0
0,505,10.1,done,0.08044,0.08044,0.0,4.05,10.71,0.3131,0,0.0275,90.0
0,506,10.12,done,0.07951,0.07951,0.0,4.05,10.86,0.3133,0,0.0275,90.0
