t,state,q_cmd_0,q_cmd_1,q_cmd_2,q_cmd_3,q_cmd_4,q_cmd_5,q_fb_0,q_fb_1,q_fb_2,q_fb_3,q_fb_4,q_fb_5,q_true_0,q_true_1,q_true_2,q_true_3,q_true_4,q_true_5,gripper_cmd_m,finger_1_m,finger_2_m,finger_1_target_m,finger_2_target_m,cup_x_b,cup_y_b,cup_top_z_b,cup_tilt_deg,jaw_x_b,jaw_y_b,jaw_z_b,base_height_m
0.020,settle,nan,nan,nan,nan,nan,nan,0.00000,0.00507,0.00369,-0.00035,0.00035,0.00000,0.00000,0.00507,0.00369,-0.00035,0.00035,0.00000,0.0000,0.0000,-0.0000,0.0000,-0.0000,0.4952,0.0999,-0.0482,0.00,0.3872,-0.0013,0.4965,0.0851
0.040,settle,nan,nan,nan,nan,nan,nan,0.00000,0.00507,0.00369,-0.00035,0.00035,0.00000,0.00000,0.00507,0.00369,-0.00035,0.00035,0.00000,0.0000,0.0000,-0.0000,0.0000,-0.0000,0.4952,0.0999,-0.0482,0.00,0.3872,-0.0013,0.4965,0.0851
0.060,settle,nan,nan,nan,nan,nan,nan,0.00000,0.00507,0.00369,-0.00035,0.00035,0.00000,0.00000,0.00507,0.00369,-0.00035,0.00034,0.00000,0.0000,0.0000,-0.0000,0.0000,-0.0000,0.4952,0.0999,-0.0482,0.00,0.3872,-0.0013,0.4965,0.0851
0.080,settle,nan,nan,nan,nan,nan,nan,0.00000,0.00507,0.00369,-0.00035,0.00035,0.00000,0.00000,0.00507,0.00369,-0.00035,0.00035,0.00000,0.0000,0.0000,-0.0000,0.0000,-0.0000,0.4952,0.0999,-0.0482,0.00,0.3872,-0.0013,0.4965,0.0851
0.100,settle,nan,nan,nan,nan,nan,nan,0.00000,0.00507,0.00369,-0.00035,0.00035,0.00000,0.00000,0.00507,0.00369,-0.00035,0.00035,0.00000,0.0000,0.0000,-0.0000,0.0000,-0.0000,0.4952,0.0999,-0.0482,0.00,0.3872,-0.0013,0.4965,0.0851
0.120,settle,nan,nan,nan,nan,nan,nan,0.00000,0.00507,0.00369,-0.00035,0.00035,0.00000,0.00000,0.00507,0.00369,-0.00035,0.00035,0.00000,0.0000,0.0000,-0.0000,0.0000,-0.0000,0.4952,0.0999,-0.0482,0.00,0.3872,-0.0013,0.4965,0.0851
0.140,settle,nan,nan,nan,nan,nan,nan,0.00000,0.00507,0.00369,-0.00035,0.00035,0.00000,0.00000,0.00507,0.00369,-0.00035,0.00035,0.00000,0.0000,0.0000,-0.0000,0.0000,-0.0000,0.4952,0.0999,-0.0482,0.00,0.3872,-0.0013,0.4965,0.0851
0.160,settle,nan,nan,nan,nan,nan,nan,0.00000,0.00507,0.00369,-0.00035,0.00035,0.00000,0.00000,0.00507,0.00369,-0.00035,0.00034,0.00000,0.0000,0.0000,-0.0000,0.0000,-0.0000,0.4952,0.0999,-0.0482,0.00,0.3872,-0.0013,0.4965,0.0851
0.180,settle,nan,nan,nan,nan,nan,nan,0.00000,0.00507,0.00369,-0.00035,0.00035,0.00000,0.00000,0.00507,0.00369,-0.00035,0.00035,0.00000,0.0000,0.0000,-0.0000,0.0000,-0.0000,0.4952,0.0999,-0.0482,0.00,0.3872,-0.0013,0.4965,0.0851
0.200,settle,nan,nan,nan,nan,nan,nan,0.00000,0.00507,0.00369,-0.00035,0.00035,0.00000,0.00000,0.00507,0.00369,-0.00035,0.00035,0.00000,0.0000,0.0000,-0.0000,0.0000,-0.0000,0.4952,0.0999,-0.0482,0.00,0.3872,-0.0013,0.4965,0.0851
0.220,settle,nan,nan,nan,nan,nan,nan,0.00000,0.00507,0.00369,-0.00035,0.00035,0.00000,0.00000,0.00507,0.00369,-0.00035,0.00035,0.00000,0.0000,0.0000,-0.0000,0.0000,-0.0000,0.4952,0.0999,-0.0482,0.00,0.3872,-0.0013,0.4965,0.0851
0.240,settle,nan,nan,nan,nan,nan,nan,0.00000,0.00507,0.00369,-0.00035,0.00035,0.00000,0.00000,0.00507,0.00369,-0.00035,0.00035,0.00000,0.0000,0.0000,-0.0000,0.0000,-0.0000,0.4952,0.0999,-0.0482,0.00,0.3872,-0.0013,0.4965,0.0851
0.260,settle,nan,nan,nan,nan,nan,nan,0.00000,0.00507,0.00369,-0.00035,0.00035,0.00000,0.00000,0.00507,0.00369,-0.00035,0.00035,0.00000,0.0000,0.0000,-0.0000,0.0000,-0.0000,0.4952,0.0999,-0.0482,0.00,0.3872,-0.0013,0.4965,0.0851
0.280,settle,nan,nan,nan,nan,nan,nan,0.00000,0.00507,0.00369,-0.00035,0.00035,0.00000,0.00000,0.00507,0.00369,-0.00035,0.00035,0.00000,0.0000,0.0000,-0.0000,0.0000,-0.0000,0.4952,0.0999,-0.0482,0.00,0.3872,-0.0013,0.4965,0.0851
0.300,settle,nan,nan,nan,nan,nan,nan,0.00000,0.00507,0.00369,-0.00035,0.00035,0.00000,0.00000,0.00507,0.00369,-0.00035,0.00035,0.00000,0.0000,0.0000,-0.0000,0.0000,-0.0000,0.4952,0.0999,-0.0482,0.00,0.3872,-0.0013,0.4965,0.0851
0.320,settle,nan,nan,nan,nan,nan,nan,0.00000,0.00507,0.00369,-0.00035,0.00035,0.00000,0.00000,0.00507,0.00369,-0.00035,0.00035,0.00000,0.0000,0.0000,-0.0000,0.0000,-0.0000,0.4952,0.0999,-0.0482,0.00,0.3872,-0.0013,0.4965,0.0851
0.340,settle,nan,nan,nan,nan,nan,nan,0.00000,0.00507,0.00369,-0.00035,0.00035,0.00000,0.00000,0.00507,0.00369,-0.00035,0.00034,0.00000,0.0000,0.0000,-0.0000,0.0000,-0.0000,0.4952,0.0999,-0.0482,0.00,0.3872,-0.0013,0.4965,0.0851
0.360,settle,nan,nan,nan,nan,nan,nan,0.00000,0.00507,0.00369,-0.00035,0.00035,0.00000,0.00000,0.00507,0.00369,-0.00035,0.00035,0.00000,0.0000,0.0000,-0.0000,0.0000,-0.0000,0.4952,0.0999,-0.0482,0.00,0.3872,-0.0013,0.4965,0.0851
0.380,settle,nan,nan,nan,nan,nan,nan,0.00000,0.00507,0.00369,-0.00035,0.00035,0.00000,0.00000,0.00507,0.00369,-0.00035,0.00035,0.00000,0.0000,0.0000,-0.0000,0.0000,-0.0000,0.4952,0.0999,-0.0482,0.00,0.3872,-0.0013,0.4965,0.0851
0.400,settle,nan,nan,nan,nan,nan,nan,0.00000,0.00507,0.00369,-0.00035,0.00035,0.00000,0.00000,0.00507,0.00369,-0.00035,0.00034,0.00000,0.0000,0.0000,-0.0000,0.0000,-0.0000,0.4952,0.0999,-0.0482,0.00,0.3872,-0.0013,0.4965,0.0851
0.420,settle,nan,nan,nan,nan,nan,nan,0.00000,0.00507,0.00369,-0.00035,0.00035,0.00000,0.00000,0.00507,0.00369,-0.00035,0.00035,0.00000,0.0000,0.0000,-0.0000,0.0000,-0.0000,0.4952,0.0999,-0.0482,0.00,0.3872,-0.0013,0.4965,0.0851
0.440,settle,nan,nan,nan,nan,nan,nan,0.00000,0.00507,0.00369,-0.00035,0.00035,0.00000,0.00000,0.00507,0.00369,-0.00035,0.00035,0.00000,0.0000,0.0000,-0.0000,0.0000,-0.0000,0.4952,0.0999,-0.0482,0.00,0.3872,-0.0013,0.4965,0.0851
0.460,settle,nan,nan,nan,nan,nan,nan,0.00000,0.00507,0.00369,-0.00035,0.00035,0.00000,0.00000,0.00507,0.00369,-0.00035,0.00034,0.00000,0.0000,0.0000,-0.0000,0.0000,-0.0000,0.4952,0.0999,-0.0482,0.00,0.3872,-0.0013,0.4965,0.0851
0.480,settle,nan,nan,nan,nan,nan,nan,0.00000,0.00507,0.00369,-0.00035,0.00035,0.00000,0.00000,0.00507,0.00369,-0.00035,0.00035,0.00000,0.0000,0.0000,-0.0000,0.0000,-0.0000,0.4952,0.0999,-0.0482,0.00,0.3872,-0.0013,0.4965,0.0851
0.500,settle,nan,nan,nan,nan,nan,nan,0.00000,0.00507,0.00369,-0.00035,0.00035,0.00000,0.00000,0.00507,0.00369,-0.00035,0.00034,0.00000,0.0000,0.0000,-0.0000,0.0000,-0.0000,0.4952,0.0999,-0.0482,0.00,0.3872,-0.0013,0.4965,0.0851
0.520,moving,nan,nan,nan,nan,nan,nan,0.00000,0.00507,0.00369,-0.00035,0.00034,0.00000,0.00000,0.00507,0.00369,-0.00035,0.00035,0.00000,0.0000,0.0000,-0.0000,0.0000,-0.0000,0.4952,0.0999,-0.0482,0.00,0.3872,-0.0013,0.4965,0.0851
0.540,moving,0.00706,0.12588,0.94146,0.02787,-0.15502,0.02199,0.00000,0.00507,0.00369,-0.00035,0.00034,0.00000,0.00000,0.00507,0.00369,-0.00035,0.00035,0.00000,0.0000,0.0000,-0.0000,0.0000,-0.0000,0.4952,0.0999,-0.0482,0.00,0.3872,-0.0013,0.4965,0.0851
0.560,moving,0.00706,0.12588,0.94146,0.02787,-0.15502,0.02199,0.00000,0.00507,0.00369,-0.00035,0.00034,0.00000,0.00000,0.00507,0.00369,-0.00035,0.00034,0.00000,0.0000,0.0000,-0.0000,0.0000,-0.0000,0.4952,0.0999,-0.0482,0.00,0.3872,-0.0013,0.4965,0.0851
0.580,moving,0.00706,0.12588,0.94146,0.02787,-0.15502,0.02199,0.00000,0.00507,0.00369,-0.00035,0.00034,0.00000,0.00000,0.00507,0.00369,-0.00035,0.00035,0.00000,0.0000,0.0000,-0.0000,0.0000,-0.0000,0.4952,0.0999,-0.0482,0.00,0.3872,-0.0013,0.4965,0.0851
0.600,moving,0.00706,0.12588,0.94146,0.02787,-0.15502,0.02199,0.00000,0.00507,0.00369,-0.00035,0.00034,0.00000,0.00229,0.00706,0.00542,0.00235,-0.00199,0.00233,0.0000,0.0000,-0.0000,0.0000,-0.0000,0.4952,0.0999,-0.0483,0.00,0.3879,-0.0004,0.4955,0.0851
0.620,moving,0.00706,0.12588,0.94146,0.02787,-0.15502,0.02199,0.00000,0.00507,0.00369,-0.00035,0.00034,0.00000,0.00665,0.01524,0.01325,0.01079,-0.01052,0.01085,0.0000,0.0000,-0.0000,0.0000,-0.0000,0.4953,0.0998,-0.0483,0.00,0.3907,0.0013,0.4909,0.0851
0.640,moving,0.00706,0.12588,0.94146,0.02787,-0.15502,0.02199,0.00665,0.01524,0.01325,0.01079,-0.01052,0.01085,0.00705,0.02968,0.02739,0.02164,-0.02525,0.01930,0.0000,0.0000,-0.0000,0.0000,-0.0000,0.4954,0.0999,-0.0483,0.00,0.3954,0.0014,0.4825,0.0851
0.660,moving,0.00706,0.12588,0.94146,0.02787,-0.15502,0.02199,0.00665,0.01524,0.01325,0.01079,-0.01052,0.01085,0.00705,0.05040,0.04782,0.02690,-0.04618,0.02193,0.0000,0.0000,0.0000,0.0000,-0.0000,0.4955,0.1000,-0.0482,0.00,0.4019,0.0013,0.4702,0.0851
0.680,moving,0.00706,0.12588,0.94146,0.02787,-0.15502,0.02199,0.00665,0.01524,0.01325,0.01079,-0.01052,0.01085,0.00705,0.07602,0.07249,0.02760,-0.07107,0.02198,0.0000,0.0000,-0.0000,0.0000,-0.0000,0.4957,0.1000,-0.0482,0.00,0.4093,0.0013,0.4549,0.0851
0.700,moving,0.00706,0.12588,0.94146,0.02787,-0.15502,0.02199,0.00665,0.01524,0.01325,0.01079,-0.01052,0.01085,0.00705,0.09603,0.09440,0.02756,-0.07961,0.02198,0.0000,0.0000,-0.0000,0.0000,-0.0000,0.4957,0.1000,-0.0481,0.00,0.4144,0.0013,0.4397,0.0851
0.720,moving,0.00706,0.12588,0.94146,0.02787,-0.15502,0.02199,0.00665,0.01524,0.01325,0.01079,-0.01052,0.01085,0.00705,0.10606,0.11750,0.02749,-0.08808,0.02198,0.0000,0.0000,-0.0000,0.0000,-0.0000,0.4955,0.1000,-0.0481,0.00,0.4165,0.0012,0.4282,0.0851
0.740,moving,0.00706,0.12588,0.94146,0.02787,-0.15502,0.02199,0.00665,0.01524,0.01325,0.01079,-0.01052,0.01085,0.00704,0.11867,0.13244,0.02746,-0.10282,0.02198,0.0000,0.0000,-0.0000,0.0000,-0.0000,0.4952,0.1000,-0.0483,0.00,0.4194,0.0012,0.4198,0.0851
0.760,moving,0.00706,0.12588,0.94146,0.02787,-0.15502,0.02199,0.00704,0.11867,0.13244,0.02746,-0.10282,0.02198,0.00704,0.13036,0.14856,0.02750,-0.12313,0.02199,0.0000,0.0000,-0.0000,0.0000,-0.0000,0.4951,0.0999,-0.0481,0.00,0.4220,0.0011,0.4124,0.0852
0.780,moving,0.00706,0.12588,0.94146,0.02787,-0.15502,0.02199,0.00704,0.11867,0.13244,0.02746,-0.10282,0.02198,0.00704,0.13604,0.16929,0.02752,-0.13985,0.02199,0.0000,0.0000,-0.0000,0.0000,-0.0000,0.4949,0.0999,-0.0481,0.00,0.4228,0.0010,0.4051,0.0853
0.800,moving,0.00706,0.12588,0.94146,0.02787,-0.15502,0.02199,0.00704,0.11867,0.13244,0.02746,-0.10282,0.02198,0.00702,0.13660,0.18588,0.02752,-0.14532,0.02198,0.0000,0.0000,-0.0000,0.0000,-0.0000,0.4946,0.0999,-0.0481,0.00,0.4222,0.0010,0.3995,0.0852
0.820,moving,0.00706,0.12588,0.94146,0.02787,-0.15502,0.02199,0.00704,0.11867,0.13244,0.02746,-0.10282,0.02198,0.00702,0.13572,0.19652,0.02751,-0.15208,0.02198,0.0000,0.0000,-0.0000,0.0000,-0.0000,0.4945,0.0999,-0.0481,0.00,0.4216,0.0009,0.3970,0.0853
0.840,moving,0.00706,0.12588,0.94146,0.02787,-0.15502,0.02199,0.00704,0.11867,0.13244,0.02746,-0.10282,0.02198,0.00702,0.13478,0.20571,0.02754,-0.15444,0.02197,0.0000,0.0000,-0.0000,0.0000,-0.0000,0.4945,0.0999,-0.0481,0.00,0.4209,0.0009,0.3943,0.0853
0.860,moving,0.00706,0.12588,0.94146,0.02787,-0.15502,0.02199,0.00704,0.11867,0.13244,0.02746,-0.10282,0.02198,0.00702,0.13395,0.22200,0.02758,-0.15449,0.02197,0.0000,0.0000,-0.0000,0.0000,-0.0000,0.4945,0.0999,-0.0481,0.00,0.4197,0.0009,0.3884,0.0853
0.880,moving,0.00706,0.12588,0.94146,0.02787,-0.15502,0.02199,0.00702,0.13395,0.22200,0.02758,-0.15449,0.02197,0.00703,0.13337,0.24317,0.02760,-0.15449,0.02198,0.0000,0.0000,-0.0000,0.0000,-0.0000,0.4947,0.0999,-0.0481,0.00,0.4181,0.0009,0.3805,0.0852
0.900,moving,0.00706,0.12588,0.94146,0.02787,-0.15502,0.02199,0.00702,0.13395,0.22200,0.02758,-0.15449,0.02197,0.00702,0.13302,0.26078,0.02758,-0.15449,0.02198,0.0000,0.0000,-0.0000,0.0000,-0.0000,0.4949,0.0999,-0.0481,0.00,0.4166,0.0009,0.3739,0.0852
0.920,moving,0.00706,0.12588,0.94146,0.02787,-0.15502,0.02199,0.00702,0.13395,0.22200,0.02758,-0.15449,0.02197,0.00702,0.13275,0.27077,0.02756,-0.15449,0.02198,0.0000,0.0000,-0.0000,0.0000,-0.0000,0.4951,0.0999,-0.0481,0.00,0.4157,0.0009,0.3703,0.0852
0.940,moving,0.00706,0.12588,0.94146,0.02787,-0.15502,0.02199,0.00702,0.13395,0.22200,0.02758,-0.15449,0.02197,0.00702,0.13231,0.28060,0.02759,-0.15449,0.02199,0.0000,0.0000,-0.0000,0.0000,-0.0000,0.4952,0.0999,-0.0481,0.00,0.4148,0.0009,0.3667,0.0851
0.960,moving,0.00706,0.12588,0.94146,0.02787,-0.15502,0.02199,0.00702,0.13395,0.22200,0.02758,-0.15449,0.02197,0.00702,0.13191,0.29736,0.02762,-0.15451,0.02198,0.0000,0.0000,-0.0000,0.0000,-0.0000,0.4954,0.0999,-0.0481,0.00,0.4131,0.0008,0.3605,0.0851
0.980,moving,0.00706,0.12588,0.94146,0.02787,-0.15502,0.02199,0.00702,0.13395,0.22200,0.02758,-0.15449,0.02197,0.00702,0.13166,0.31891,0.02761,-0.15452,0.02196,0.0000,0.0000,-0.0000,0.0000,-0.0000,0.4955,0.0999,-0.0481,0.00,0.4109,0.0008,0.3525,0.0851
1.000,moving,0.00706,0.12588,0.94146,0.02787,-0.15502,0.02199,0.00702,0.13166,0.31891,0.02761,-0.15452,0.02196,0.00702,0.13159,0.33692,0.02758,-0.15452,0.02197,0.0000,0.0000,-0.0000,0.0000,-0.0000,0.4955,0.0999,-0.0481,0.00,0.4090,0.0008,0.3458,0.0851
1.020,moving,0.00706,0.12588,0.94146,0.02787,-0.15502,0.02199,0.00702,0.13166,0.31891,0.02761,-0.15452,0.02196,0.00703,0.13154,0.34732,0.02754,-0.15452,0.02197,0.0000,0.0000,-0.0000,0.0000,-0.0000,0.4955,0.0999,-0.0481,0.00,0.4078,0.0008,0.3419,0.0851
1.040,moving,0.00706,0.12588,0.94146,0.02787,-0.15502,0.02199,0.00702,0.13166,0.31891,0.02761,-0.15452,0.02196,0.00703,0.13132,0.35729,0.02758,-0.15452,0.02197,0.0000,0.0000,-0.0000,0.0000,-0.0000,0.4954,0.0999,-0.0481,0.00,0.4066,0.0008,0.3383,0.0851
1.060,moving,0.00706,0.12588,0.94146,0.02787,-0.15502,0.02199,0.00702,0.13166,0.31891,0.02761,-0.15452,0.02196,0.00702,0.13109,0.37415,0.02761,-0.15454,0.02197,0.0000,0.0000,-0.0000,0.0000,-0.0000,0.4954,0.0999,-0.0481,0.00,0.4045,0.0008,0.3322,0.0851
1.080,moving,0.00706,0.12588,0.94146,0.02787,-0.15502,0.02199,0.00702,0.13166,0.31891,0.02761,-0.15452,0.02196,0.00702,0.13100,0.39576,0.02762,-0.15454,0.02197,0.0000,0.0000,-0.0000,0.0000,-0.0000,0.4952,0.0999,-0.0481,0.00,0.4018,0.0008,0.3243,0.0851
1.100,moving,0.00706,0.12588,0.94146,0.02787,-0.15502,0.02199,0.00702,0.13166,0.31891,0.02761,-0.15452,0.02196,0.00702,0.13104,0.41381,0.02760,-0.15454,0.02198,0.0000,0.0000,-0.0000,0.0000,-0.0000,0.4952,0.0999,-0.0481,0.00,0.3993,0.0008,0.3177,0.0852
1.120,moving,0.00706,0.12588,0.94146,0.02787,-0.15502,0.02199,0.00702,0.13104,0.41381,0.02760,-0.15454,0.02198,0.00702,0.13108,0.42408,0.02758,-0.15454,0.02198,0.0000,0.0000,-0.0000,0.0000,-0.0000,0.4951,0.0999,-0.0481,0.00,0.3979,0.0007,0.3139,0.0852
1.140,moving,0.00706,0.12588,0.94146,0.02787,-0.15502,0.02199,0.00702,0.13104,0.41381,0.02760,-0.15454,0.02198,0.00702,0.13094,0.43410,0.02760,-0.15454,0.02198,0.0000,0.0000,-0.0000,0.0000,-0.0000,0.4950,0.0999,-0.0481,0.00,0.3964,0.0007,0.3103,0.0852
1.160,moving,0.00706,0.12588,0.94146,0.02787,-0.15502,0.02199,0.00702,0.13104,0.41381,0.02760,-0.15454,0.02198,0.00703,0.13079,0.45101,0.02763,-0.15454,0.02198,0.0000,0.0000,-0.0000,0.0000,-0.0000,0.4950,0.0999,-0.0481,0.00,0.3939,0.0007,0.3043,0.0852
1.180,moving,0.00706,0.12588,0.94146,0.02787,-0.15502,0.02199,0.00702,0.13104,0.41381,0.02760,-0.15454,0.02198,0.00703,0.13075,0.47267,0.02763,-0.15455,0.02198,0.0000,0.0000,-0.0000,0.0000,-0.0000,0.4950,0.0999,-0.0481,0.00,0.3905,0.0007,0.2966,0.0852
1.200,moving,0.00706,0.12588,0.94146,0.02787,-0.15502,0.02199,0.00702,0.13104,0.41381,0.02760,-0.15454,0.02198,0.00703,0.13082,0.49076,0.02761,-0.15455,0.02198,0.0000,0.0000,-0.0000,0.0000,-0.0000,0.4950,0.0999,-0.0481,0.00,0.3875,0.0007,0.2902,0.0852
1.220,moving,0.00706,0.12588,0.94146,0.02787,-0.15502,0.02199,0.00702,0.13104,0.41381,0.02760,-0.15454,0.02198,0.00703,0.13089,0.50087,0.02758,-0.15455,0.02198,0.0000,0.0000,-0.0000,0.0000,-0.0000,0.4950,0.0999,-0.0481,0.00,0.3858,0.0007,0.2866,0.0852
1.240,moving,0.00706,0.12588,0.94146,0.02787,-0.15502,0.02199,0.00703,0.13089,0.50087,0.02758,-0.15455,0.02198,0.00703,0.13076,0.51093,0.02760,-0.15455,0.02198,0.0000,0.0000,-0.0000,0.0000,-0.0000,0.4951,0.0999,-0.0481,0.00,0.3841,0.0006,0.2831,0.0852
1.260,moving,0.00706,0.12588,0.94146,0.02787,-0.15502,0.02199,0.00703,0.13089,0.50087,0.02758,-0.15455,0.02198,0.00703,0.13063,0.52791,0.02763,-0.15456,0.02198,0.0000,0.0000,-0.0000,0.0000,-0.0000,0.4951,0.0999,-0.0481,0.00,0.3811,0.0006,0.2773,0.0852
1.280,moving,0.00706,0.12588,0.94146,0.02787,-0.15502,0.02199,0.00703,0.13089,0.50087,0.02758,-0.15455,0.02198,0.00703,0.13060,0.54962,0.02763,-0.15456,0.02198,0.0000,0.0000,-0.0000,0.0000,-0.0000,0.4952,0.0999,-0.0481,0.00,0.3771,0.0006,0.2698,0.0852
1.300,moving,0.00706,0.12588,0.94146,0.02787,-0.15502,0.02199,0.00703,0.13089,0.50087,0.02758,-0.15455,0.02198,0.00703,0.13067,0.56773,0.02760,-0.15457,0.02198,0.0000,0.0000,-0.0000,0.0000,-0.0000,0.4952,0.0999,-0.0481,0.00,0.3737,0.0006,0.2636,0.0852
1.320,moving,0.00706,0.12588,0.94146,0.02787,-0.15502,0.02199,0.00703,0.13089,0.50087,0.02758,-0.15455,0.02198,0.00703,0.13074,0.57765,0.02757,-0.15457,0.02198,0.0000,0.0000,-0.0000,0.0000,-0.0000,0.4952,0.0999,-0.0481,0.00,0.3718,0.0006,0.2602,0.0852
1.340,moving,0.00706,0.12588,0.94146,0.02787,-0.15502,0.02199,0.00703,0.13089,0.50087,0.02758,-0.15455,0.02198,0.00703,0.13062,0.58775,0.02760,-0.15457,0.02198,0.0000,0.0000,-0.0000,0.0000,-0.0000,0.4953,0.0999,-0.0481,0.00,0.3698,0.0005,0.2569,0.0851
1.360,moving,0.00706,0.12588,0.94146,0.02787,-0.15502,0.02199,0.00703,0.13062,0.58775,0.02760,-0.15457,0.02198,0.00703,0.13051,0.60479,0.02763,-0.15458,0.02198,0.0000,0.0000,-0.0000,0.0000,-0.0000,0.4952,0.0999,-0.0481,0.00,0.3663,0.0005,0.2513,0.0852
1.380,moving,0.00706,0.12588,0.94146,0.02787,-0.15502,0.02199,0.00703,0.13062,0.58775,0.02760,-0.15457,0.02198,0.00703,0.13048,0.62654,0.02763,-0.15458,0.02198,0.0000,0.0000,-0.0000,0.0000,-0.0000,0.4952,0.0999,-0.0481,0.00,0.3618,0.0005,0.2441,0.0852
1.400,moving,0.00706,0.12588,0.94146,0.02787,-0.15502,0.02199,0.00703,0.13062,0.58775,0.02760,-0.15457,0.02198,0.00703,0.13056,0.64463,0.02760,-0.15458,0.02198,0.0000,0.0000,-0.0000,0.0000,-0.0000,0.4952,0.0999,-0.0481,0.00,0.3579,0.0005,0.2382,0.0852
1.420,moving,0.00706,0.12588,0.94146,0.02787,-0.15502,0.02199,0.00703,0.13062,0.58775,0.02760,-0.15457,0.02198,0.00702,0.13063,0.65420,0.02757,-0.15458,0.02198,0.0000,0.0000,-0.0000,0.0000,-0.0000,0.4952,0.0999,-0.0481,0.00,0.3558,0.0004,0.2351,0.0852
1.440,moving,0.00706,0.12588,0.94146,0.02787,-0.15502,0.02199,0.00703,0.13062,0.58775,0.02760,-0.15457,0.02198,0.00703,0.13052,0.66435,0.02760,-0.15459,0.02198,0.0000,0.0000,-0.0000,0.0000,-0.0000,0.4952,0.0999,-0.0481,0.00,0.3535,0.0004,0.2319,0.0852
1.460,moving,0.00706,0.12588,0.94146,0.02787,-0.15502,0.02199,0.00703,0.13062,0.58775,0.02760,-0.15457,0.02198,0.00703,0.13042,0.68148,0.02763,-0.15460,0.02198,0.0000,0.0000,-0.0000,0.0000,-0.0000,0.4951,0.0999,-0.0481,0.00,0.3496,0.0004,0.2265,0.0852
1.480,moving,0.00706,0.12588,0.94146,0.02787,-0.15502,0.02199,0.00703,0.13042,0.68148,0.02763,-0.15460,0.02198,0.00703,0.13040,0.70330,0.02763,-0.15460,0.02198,0.0000,0.0000,-0.0000,0.0000,-0.0000,0.4951,0.0999,-0.0481,0.00,0.3445,0.0004,0.2197,0.0852
1.500,moving,0.00706,0.12588,0.94146,0.02787,-0.15502,0.02199,0.00703,0.13042,0.68148,0.02763,-0.15460,0.02198,0.00703,0.13048,0.72135,0.02760,-0.15460,0.02198,0.0000,0.0000,-0.0000,0.0000,-0.0000,0.4951,0.0999,-0.0481,0.00,0.3402,0.0003,0.2141,0.0852
1.520,moving,0.00706,0.12588,0.94146,0.02787,-0.15502,0.02199,0.00703,0.13042,0.68148,0.02763,-0.15460,0.02198,0.00702,0.13055,0.73056,0.02757,-0.15460,0.02198,0.0000,0.0000,-0.0000,0.0000,-0.0000,0.4951,0.0999,-0.0481,0.00,0.3379,0.0003,0.2113,0.0852
1.540,moving,0.00706,0.12588,0.94146,0.02787,-0.15502,0.02199,0.00703,0.13042,0.68148,0.02763,-0.15460,0.02198,0.00702,0.13044,0.74081,0.02760,-0.15461,0.02198,0.0000,0.0000,-0.0000,0.0000,-0.0000,0.4951,0.0999,-0.0481,0.00,0.3354,0.0003,0.2083,0.0852
1.560,moving,0.00706,0.12588,0.94146,0.02787,-0.15502,0.02199,0.00703,0.13042,0.68148,0.02763,-0.15460,0.02198,0.00703,0.13035,0.75805,0.02763,-0.15461,0.02198,0.0000,0.0000,-0.0000,0.0000,-0.0000,0.4951,0.0999,-0.0481,0.00,0.3311,0.0003,0.2032,0.0852
1.580,moving,0.00706,0.12588,0.94146,0.02787,-0.15502,0.02199,0.00703,0.13042,0.68148,0.02763,-0.15460,0.02198,0.00703,0.13033,0.77997,0.02763,-0.15462,0.02198,0.0000,0.0000,-0.0000,0.0000,-0.0000,0.4951,0.0999,-0.0481,0.00,0.3254,0.0002,0.1967,0.0852
1.600,moving,0.00706,0.12588,0.94146,0.02787,-0.15502,0.02199,0.00703,0.13033,0.77997,0.02763,-0.15462,0.02198,0.00702,0.13040,0.79799,0.02760,-0.15462,0.02198,0.0000,0.0000,-0.0000,0.0000,-0.0000,0.4951,0.0999,-0.0481,0.00,0.3207,0.0002,0.1915,0.0852
1.620,moving,0.00706,0.12588,0.94146,0.02787,-0.15502,0.02199,0.00703,0.13033,0.77997,0.02763,-0.15462,0.02198,0.00702,0.13045,0.80686,0.02756,-0.15462,0.02198,0.0000,0.0000,-0.0000,0.0000,-0.0000,0.4952,0.0999,-0.0481,0.00,0.3184,0.0002,0.1890,0.0852
1.640,moving,0.00706,0.12588,0.94146,0.02787,-0.15502,0.02199,0.00703,0.13033,0.77997,0.02763,-0.15462,0.02198,0.00702,0.13035,0.81724,0.02760,-0.15463,0.02198,0.0000,0.0000,-0.0000,0.0000,-0.0000,0.4952,0.0999,-0.0481,0.00,0.3156,0.0002,0.1861,0.0852
1.660,moving,0.00706,0.12588,0.94146,0.02787,-0.15502,0.02199,0.00703,0.13033,0.77997,0.02763,-0.15462,0.02198,0.00703,0.13027,0.83461,0.02763,-0.15463,0.02198,0.0000,0.0000,-0.0000,0.0000,-0.0000,0.4952,0.0999,-0.0481,0.00,0.3108,0.0001,0.1813,0.0852
1.680,moving,0.00706,0.12588,0.94146,0.02787,-0.15502,0.02199,0.00703,0.13033,0.77997,0.02763,-0.15462,0.02198,0.00703,0.13025,0.85663,0.02763,-0.15464,0.02198,0.0000,0.0000,-0.0000,0.0000,-0.0000,0.4952,0.0999,-0.0481,0.00,0.3047,0.0001,0.1753,0.0852
1.700,moving,0.00706,0.12588,0.94146,0.02787,-0.15502,0.02199,0.00703,0.13033,0.77997,0.02763,-0.15462,0.02198,0.00702,0.13031,0.87458,0.02759,-0.15464,0.02198,0.0000,0.0000,-0.0000,0.0000,-0.0000,0.4952,0.0999,-0.0481,0.00,0.2996,0.0001,0.1705,0.0852
1.720,moving,0.00706,0.12588,0.94146,0.02787,-0.15502,0.02199,0.00702,0.13031,0.87458,0.02759,-0.15464,0.02198,0.00702,0.13036,0.88304,0.02756,-0.15464,0.02198,0.0000,0.0000,-0.0000,0.0000,-0.0000,0.4952,0.0999,-0.0481,0.00,0.2972,0.0000,0.1682,0.0852
1.740,moving,0.00706,0.12588,0.94146,0.02787,-0.15502,0.02199,0.00702,0.13031,0.87458,0.02759,-0.15464,0.02198,0.00702,0.13026,0.89358,0.02760,-0.15465,0.02198,0.0000,0.0000,-0.0000,0.0000,-0.0000,0.4952,0.0999,-0.0481,0.00,0.2941,0.0000,0.1655,0.0852
1.760,moving,0.00706,0.12588,0.94146,0.02787,-0.15502,0.02199,0.00702,0.13031,0.87458,0.02759,-0.15464,0.02198,0.00703,0.13019,0.91108,0.02763,-0.15466,0.02198,0.0000,0.0000,-0.0000,0.0000,-0.0000,0.4952,0.0999,-0.0481,0.00,0.2890,-0.0000,0.1610,0.0852
1.780,moving,0.00706,0.12588,0.94146,0.02787,-0.15502,0.02199,0.00702,0.13031,0.87458,0.02759,-0.15464,0.02198,0.00702,0.13022,0.92993,0.02760,-0.15466,0.02198,0.0000,0.0000,-0.0000,0.0000,-0.0000,0.4952,0.0999,-0.0481,0.00,0.2834,-0.0001,0.1563,0.0852
1.800,moving,0.00706,0.12588,0.94146,0.02787,-0.15502,0.02199,0.00702,0.13031,0.87458,0.02759,-0.15464,0.02198,0.00702,0.13028,0.94016,0.02756,-0.15466,0.02198,0.0000,0.0000,-0.0000,0.0000,-0.0000,0.4952,0.0999,-0.0481,0.00,0.2803,-0.0001,0.1538,0.0852
1.820,moving,0.00706,0.12588,0.94146,0.02787,-0.15502,0.02199,0.00702,0.13031,0.87458,0.02759,-0.15464,0.02198,0.00702,0.13023,0.94590,0.02758,-0.15467,0.02198,0.0000,0.0000,-0.0000,0.0000,-0.0000,0.4952,0.0999,-0.0481,0.00,0.2785,-0.0001,0.1524,0.0852
1.840,moving,0.00706,0.12588,0.94146,0.02787,-0.15502,0.02199,0.00702,0.13023,0.94590,0.02758,-0.15467,0.02198,0.00702,0.13025,0.95150,0.02755,-0.15467,0.02198,0.0000,0.0000,-0.0000,0.0000,-0.0000,0.4952,0.0999,-0.0482,0.00,0.2768,-0.0001,0.1510,0.0851
1.860,moving,0.00706,0.12588,0.94146,0.02787,-0.15502,0.02199,0.00702,0.13023,0.94590,0.02758,-0.15467,0.02198,0.00702,0.13026,0.95183,0.02755,-0.15467,0.02198,0.0000,0.0000,-0.0000,0.0000,-0.0000,0.4953,0.0999,-0.0481,0.00,0.2767,-0.0001,0.1509,0.0852
1.880,moving,0.00706,0.12588,0.94146,0.02787,-0.15502,0.02199,0.00702,0.13023,0.94590,0.02758,-0.15467,0.02198,0.00702,0.13023,0.95029,0.02754,-0.15468,0.02198,0.0000,0.0000,-0.0000,0.0000,-0.0000,0.4953,0.0999,-0.0481,0.00,0.2772,-0.0001,0.1513,0.0851
1.900,moving,0.00706,0.12588,0.94146,0.02787,-0.15502,0.02199,0.00702,0.13023,0.94590,0.02758,-0.15467,0.02198,0.00702,0.13020,0.94899,0.02756,-0.15468,0.02198,0.0000,0.0000,-0.0000,0.0000,-0.0000,0.4953,0.0999,-0.0481,0.00,0.2776,-0.0001,0.1516,0.0851
1.920,moving,0.00706,0.12588,0.94146,0.02787,-0.15502,0.02199,0.00702,0.13023,0.94590,0.02758,-0.15467,0.02198,0.00702,0.13018,0.94794,0.02757,-0.15468,0.02198,0.0000,0.0000,-0.0000,0.0000,-0.0000,0.4953,0.0999,-0.0481,0.00,0.2779,-0.0001,0.1519,0.0851
1.940,moving,0.00706,0.12588,0.94146,0.02787,-0.15502,0.02199,0.00702,0.13023,0.94590,0.02758,-0.15467,0.02198,0.00702,0.13017,0.94708,0.02758,-0.15469,0.02198,0.0000,0.0000,-0.0000,0.0000,-0.0000,0.4952,0.0999,-0.0481,0.00,0.2782,-0.0001,0.1521,0.0851
1.960,moving,0.00706,0.12588,0.94146,0.02787,-0.15502,0.02199,0.00702,0.13017,0.94708,0.02758,-0.15469,0.02198,0.00702,0.13016,0.94637,0.02758,-0.15469,0.02198,0.0000,0.0000,-0.0000,0.0000,-0.0000,0.4952,0.0999,-0.0481,0.00,0.2784,-0.0001,0.1523,0.0852
1.980,moving,0.00706,0.12588,0.94146,0.02787,-0.15502,0.02199,0.00702,0.13017,0.94708,0.02758,-0.15469,0.02198,0.00702,0.13015,0.94580,0.02758,-0.15469,0.02198,0.0000,0.0000,-0.0000,0.0000,-0.0000,0.4952,0.0999,-0.0481,0.00,0.2786,-0.0001,0.1524,0.0852
2.000,moving,0.00706,0.12588,0.94146,0.02787,-0.15502,0.02199,0.00702,0.13017,0.94708,0.02758,-0.15469,0.02198,0.00702,0.13014,0.94533,0.02759,-0.15469,0.02198,0.0000,0.0000,-0.0000,0.0000,-0.0000,0.4952,0.0999,-0.0481,0.00,0.2787,-0.0001,0.1525,0.0852
2.020,moving,0.00706,0.12588,0.94146,0.02787,-0.15502,0.02199,0.00702,0.13017,0.94708,0.02758,-0.15469,0.02198,0.00702,0.13014,0.94494,0.02759,-0.15469,0.02198,0.0000,0.0000,-0.0000,0.0000,-0.0000,0.4951,0.0999,-0.0481,0.00,0.2788,-0.0001,0.1526,0.0852
2.040,moving,0.00706,0.12588,0.94146,0.02787,-0.15502,0.02199,0.00702,0.13017,0.94708,0.02758,-0.15469,0.02198,0.00702,0.13014,0.94463,0.02759,-0.15469,0.02198,0.0000,0.0000,-0.0000,0.0000,-0.0000,0.4951,0.0999,-0.0481,0.00,0.2789,-0.0001,0.1527,0.0852
2.060,moving,0.00706,0.12588,0.94146,0.02787,-0.15502,0.02199,0.00702,0.13017,0.94708,0.02758,-0.15469,0.02198,0.00702,0.13014,0.94437,0.02759,-0.15469,0.02198,0.0000,0.0000,-0.0000,0.0000,-0.0000,0.4951,0.0999,-0.0481,0.00,0.2790,-0.0001,0.1528,0.0852
2.080,moving,0.00706,0.12588,0.94146,0.02787,-0.15502,0.02199,0.00702,0.13014,0.94437,0.02759,-0.15469,0.02198,0.00702,0.13014,0.94416,0.02759,-0.15469,0.02198,0.0000,0.0000,-0.0000,0.0000,-0.0000,0.4951,0.0999,-0.0481,0.00,0.2791,-0.0001,0.1528,0.0852
2.100,moving,0.00706,0.12588,0.94146,0.02787,-0.15502,0.02199,0.00702,0.13014,0.94437,0.02759,-0.15469,0.02198,0.00702,0.13013,0.94399,0.02759,-0.15469,0.02198,0.0000,0.0000,-0.0000,0.0000,-0.0000,0.4951,0.0999,-0.0481,0.00,0.2791,-0.0001,0.1529,0.0852
2.120,moving,0.00706,0.12588,0.94146,0.02787,-0.15502,0.02199,0.00702,0.13014,0.94437,0.02759,-0.15469,0.02198,0.00702,0.13013,0.94385,0.02759,-0.15469,0.02197,0.0000,0.0000,-0.0000,0.0000,-0.0000,0.4951,0.0999,-0.0481,0.00,0.2792,-0.0001,0.1529,0.0852
2.140,moving,0.00706,0.12588,0.94146,0.02787,-0.15502,0.02199,0.00702,0.13014,0.94437,0.02759,-0.15469,0.02198,0.00702,0.13013,0.94374,0.02759,-0.15469,0.02197,0.0000,0.0000,-0.0000,0.0000,-0.0000,0.4952,0.0999,-0.0481,0.00,0.2792,-0.0001,0.1529,0.0852
2.160,moving,0.00706,0.12588,0.94146,0.02787,-0.15502,0.02199,0.00702,0.13014,0.94437,0.02759,-0.15469,0.02198,0.00702,0.13013,0.94365,0.02759,-0.15469,0.02197,0.0000,0.0000,-0.0000,0.0000,-0.0000,0.4952,0.0999,-0.0481,0.00,0.2792,-0.0001,0.1529,0.0852
2.180,detect,0.00706,0.12588,0.94146,0.02787,-0.15502,0.02199,0.00702,0.13014,0.94437,0.02759,-0.15469,0.02198,0.00702,0.13013,0.94358,0.02759,-0.15469,0.02197,0.0000,0.0000,-0.0000,0.0000,-0.0000,0.4952,0.0999,-0.0481,0.00,0.2793,-0.0001,0.1530,0.0852
2.200,detect,0.00706,0.12588,0.94146,0.02787,-0.15502,0.02199,0.00702,0.13013,0.94358,0.02759,-0.15469,0.02197,0.00702,0.13012,0.94352,0.02759,-0.15469,0.02197,0.0000,0.0000,-0.0000,0.0000,-0.0000,0.4952,0.0999,-0.0481,0.00,0.2793,-0.0001,0.1530,0.0852
2.220,detect,0.00706,0.12588,0.94146,0.02787,-0.15502,0.02199,0.00702,0.13013,0.94358,0.02759,-0.15469,0.02197,0.00702,0.13012,0.94347,0.02759,-0.15469,0.02197,0.0000,0.0000,-0.0000,0.0000,-0.0000,0.4952,0.0999,-0.0481,0.00,0.2793,-0.0001,0.1530,0.0852
2.240,detect,0.00706,0.12588,0.94146,0.02787,-0.15502,0.02199,0.00702,0.13013,0.94358,0.02759,-0.15469,0.02197,0.00702,0.13012,0.94343,0.02759,-0.15469,0.02197,0.0000,0.0000,-0.0000,0.0000,-0.0000,0.4952,0.0999,-0.0481,0.00,0.2793,-0.0001,0.1530,0.0852
2.260,detect,0.00706,0.12588,0.94146,0.02787,-0.15502,0.02199,0.00702,0.13013,0.94358,0.02759,-0.15469,0.02197,0.00702,0.13012,0.94339,0.02760,-0.15469,0.02198,0.0000,0.0000,-0.0000,0.0000,-0.0000,0.4952,0.0999,-0.0481,0.00,0.2793,-0.0001,0.1530,0.0852
2.280,detect,0.00706,0.12588,0.94146,0.02787,-0.15502,0.02199,0.00702,0.13013,0.94358,0.02759,-0.15469,0.02197,0.00702,0.13012,0.94337,0.02760,-0.15469,0.02198,0.0000,0.0000,-0.0000,0.0000,-0.0000,0.4952,0.0999,-0.0481,0.00,0.2793,-0.0001,0.1530,0.0852
2.300,detect,0.00706,0.12588,0.94146,0.02787,-0.15502,0.02199,0.00702,0.13013,0.94358,0.02759,-0.15469,0.02197,0.00702,0.13012,0.94335,0.02760,-0.15469,0.02198,0.0000,0.0000,-0.0000,0.0000,-0.0000,0.4952,0.0999,-0.0481,0.00,0.2793,-0.0001,0.1530,0.0852
2.320,detect,0.00706,0.12588,0.94146,0.02787,-0.15502,0.02199,0.00702,0.13012,0.94335,0.02760,-0.15469,0.02198,0.00702,0.13012,0.94333,0.02760,-0.15469,0.02198,0.0000,0.0000,-0.0000,0.0000,-0.0000,0.4952,0.0999,-0.0481,0.00,0.2793,-0.0001,0.1530,0.0852
2.340,detect,0.00706,0.12588,0.94146,0.02787,-0.15502,0.02199,0.00702,0.13012,0.94335,0.02760,-0.15469,0.02198,0.00702,0.13012,0.94331,0.02760,-0.15469,0.02198,0.0000,0.0000,-0.0000,0.0000,-0.0000,0.4952,0.0999,-0.0481,0.00,0.2793,-0.0001,0.1530,0.0852
2.360,detect,0.00706,0.12588,0.94146,0.02787,-0.15502,0.02199,0.00702,0.13012,0.94335,0.02760,-0.15469,0.02198,0.00702,0.13012,0.94330,0.02760,-0.15469,0.02198,0.0000,0.0000,-0.0000,0.0000,-0.0000,0.4952,0.0999,-0.0481,0.00,0.2793,-0.0001,0.1530,0.0852
2.380,detect,0.00706,0.12588,0.94146,0.02787,-0.15502,0.02199,0.00702,0.13012,0.94335,0.02760,-0.15469,0.02198,0.00702,0.13012,0.94329,0.02760,-0.15469,0.02198,0.0000,0.0000,-0.0000,0.0000,-0.0000,0.4952,0.0999,-0.0481,0.00,0.2793,-0.0001,0.1530,0.0852
2.400,detect,0.00706,0.12588,0.94146,0.02787,-0.15502,0.02199,0.00702,0.13012,0.94335,0.02760,-0.15469,0.02198,0.00702,0.13012,0.94328,0.02760,-0.15469,0.02198,0.0000,0.0000,-0.0000,0.0000,-0.0000,0.4952,0.0999,-0.0481,0.00,0.2793,-0.0001,0.1530,0.0852
2.420,detect,0.00706,0.12588,0.94146,0.02787,-0.15502,0.02199,0.00702,0.13012,0.94335,0.02760,-0.15469,0.02198,0.00702,0.13012,0.94327,0.02760,-0.15469,0.02198,0.0000,0.0000,-0.0000,0.0000,-0.0000,0.4952,0.0999,-0.0481,0.00,0.2793,-0.0001,0.1530,0.0852
2.440,detect,0.00706,0.12588,0.94146,0.02787,-0.15502,0.02199,0.00702,0.13012,0.94327,0.02760,-0.15469,0.02198,0.00702,0.13012,0.94327,0.02760,-0.15469,0.02198,0.0000,0.0000,-0.0000,0.0000,-0.0000,0.4952,0.0999,-0.0481,0.00,0.2793,-0.0001,0.1530,0.0852
2.460,detect,0.00706,0.12588,0.94146,0.02787,-0.15502,0.02199,0.00702,0.13012,0.94327,0.02760,-0.15469,0.02198,0.00702,0.13012,0.94326,0.02760,-0.15469,0.02198,0.0000,0.0000,-0.0000,0.0000,-0.0000,0.4952,0.0999,-0.0481,0.00,0.2794,-0.0001,0.1530,0.0852
2.480,detect,0.00706,0.12588,0.94146,0.02787,-0.15502,0.02199,0.00702,0.13012,0.94327,0.02760,-0.15469,0.02198,0.00702,0.13012,0.94326,0.02760,-0.15469,0.02198,0.0000,0.0000,-0.0000,0.0000,-0.0000,0.4952,0.0999,-0.0481,0.00,0.2794,-0.0001,0.1530,0.0852
2.500,detect,0.00706,0.12588,0.94146,0.02787,-0.15502,0.02199,0.00702,0.13012,0.94327,0.02760,-0.15469,0.02198,0.00702,0.13012,0.94326,0.02760,-0.15469,0.02198,0.0000,0.0000,-0.0000,0.0000,-0.0000,0.4952,0.0999,-0.0481,0.00,0.2794,-0.0001,0.1530,0.0852
2.520,detect,0.00706,0.12588,0.94146,0.02787,-0.15502,0.02199,0.00702,0.13012,0.94327,0.02760,-0.15469,0.02198,0.00702,0.13012,0.94325,0.02760,-0.15469,0.02198,0.0000,0.0000,-0.0000,0.0000,-0.0000,0.4952,0.0999,-0.0481,0.00,0.2794,-0.0001,0.1530,0.0852
2.540,detect,0.00706,0.12588,0.94146,0.02787,-0.15502,0.02199,0.00702,0.13012,0.94327,0.02760,-0.15469,0.02198,0.00702,0.13012,0.94325,0.02760,-0.15469,0.02197,0.0000,0.0000,-0.0000,0.0000,-0.0000,0.4952,0.0999,-0.0481,0.00,0.2794,-0.0001,0.1530,0.0852
2.560,detect,0.00706,0.12588,0.94146,0.02787,-0.15502,0.02199,0.00702,0.13012,0.94325,0.02760,-0.15469,0.02197,0.00702,0.13012,0.94325,0.02760,-0.15469,0.02197,0.0000,0.0000,-0.0000,0.0000,-0.0000,0.4952,0.0999,-0.0481,0.00,0.2794,-0.0001,0.1530,0.0852
2.580,detect,0.00706,0.12588,0.94146,0.02787,-0.15502,0.02199,0.00702,0.13012,0.94325,0.02760,-0.15469,0.02197,0.00702,0.13012,0.94325,0.02760,-0.15469,0.02197,0.0000,0.0000,-0.0000,0.0000,-0.0000,0.4952,0.0999,-0.0481,0.00,0.2794,-0.0001,0.1530,0.0852
2.600,detect,0.00706,0.12588,0.94146,0.02787,-0.15502,0.02199,0.00702,0.13012,0.94325,0.02760,-0.15469,0.02197,0.00702,0.13012,0.94325,0.02760,-0.15469,0.02197,0.0000,0.0000,-0.0000,0.0000,-0.0000,0.4952,0.0999,-0.0481,0.00,0.2794,-0.0001,0.1530,0.0852
2.620,detect,0.00706,0.12588,0.94146,0.02787,-0.15502,0.02199,0.00702,0.13012,0.94325,0.02760,-0.15469,0.02197,0.00702,0.13012,0.94325,0.02760,-0.15469,0.02198,0.0000,0.0000,-0.0000,0.0000,-0.0000,0.4952,0.0999,-0.0481,0.00,0.2794,-0.0001,0.1530,0.0852
2.640,detect,0.00706,0.12588,0.94146,0.02787,-0.15502,0.02199,0.00702,0.13012,0.94325,0.02760,-0.15469,0.02197,0.00702,0.13012,0.94325,0.02760,-0.15469,0.02198,0.0000,0.0000,-0.0000,0.0000,-0.0000,0.4952,0.0999,-0.0481,0.00,0.2794,-0.0001,0.1530,0.0852
2.660,detect,0.00706,0.12588,0.94146,0.02787,-0.15502,0.02199,0.00702,0.13012,0.94325,0.02760,-0.15469,0.02197,0.00702,0.13012,0.94325,0.02760,-0.15469,0.02198,0.0000,0.0000,-0.0000,0.0000,-0.0000,0.4952,0.0999,-0.0481,0.00,0.2794,-0.0001,0.1530,0.0852
2.680,detect,0.00706,0.12588,0.94146,0.02787,-0.15502,0.02199,0.00702,0.13012,0.94325,0.02760,-0.15469,0.02198,0.00702,0.13012,0.94325,0.02760,-0.15469,0.02198,0.0000,0.0000,-0.0000,0.0000,-0.0000,0.4952,0.0999,-0.0481,0.00,0.2794,-0.0001,0.1530,0.0852
2.700,detect,0.00706,0.12588,0.94146,0.02787,-0.15502,0.02199,0.00702,0.13012,0.94325,0.02760,-0.15469,0.02198,0.00702,0.13012,0.94325,0.02760,-0.15469,0.02198,0.0000,0.0000,-0.0000,0.0000,-0.0000,0.4952,0.0999,-0.0481,0.00,0.2794,-0.0001,0.1530,0.0852
2.720,detect,0.00706,0.12588,0.94146,0.02787,-0.15502,0.02199,0.00702,0.13012,0.94325,0.02760,-0.15469,0.02198,0.00702,0.13012,0.94325,0.02760,-0.15469,0.02198,0.0000,0.0000,-0.0000,0.0000,-0.0000,0.4952,0.0999,-0.0481,0.00,0.2794,-0.0001,0.1531,0.0852
2.740,detect,0.00706,0.12588,0.94146,0.02787,-0.15502,0.02199,0.00702,0.13012,0.94325,0.02760,-0.15469,0.02198,0.00702,0.13012,0.94325,0.02760,-0.15469,0.02198,0.0000,0.0000,-0.0000,0.0000,-0.0000,0.4952,0.0999,-0.0481,0.00,0.2794,-0.0001,0.1531,0.0852
2.760,detect,0.00706,0.12588,0.94146,0.02787,-0.15502,0.02199,0.00702,0.13012,0.94325,0.02760,-0.15469,0.02198,0.00702,0.13012,0.94325,0.02760,-0.15469,0.02198,0.0000,0.0000,-0.0000,0.0000,-0.0000,0.4952,0.0999,-0.0481,0.00,0.2794,-0.0001,0.1531,0.0852
2.780,detect,0.00706,0.12588,0.94146,0.02787,-0.15502,0.02199,0.00702,0.13012,0.94325,0.02760,-0.15469,0.02198,0.00702,0.13012,0.94325,0.02760,-0.15469,0.02198,0.0000,0.0000,-0.0000,0.0000,-0.0000,0.4952,0.0999,-0.0481,0.00,0.2794,-0.0001,0.1531,0.0852
2.800,detect,0.00706,0.12588,0.94146,0.02787,-0.15502,0.02199,0.00702,0.13012,0.94325,0.02760,-0.15469,0.02198,0.00702,0.13012,0.94324,0.02760,-0.15469,0.02198,0.0000,0.0000,-0.0000,0.0000,-0.0000,0.4952,0.0999,-0.0481,0.00,0.2794,-0.0001,0.1531,0.0852
2.820,detect,0.00706,0.12588,0.94146,0.02787,-0.15502,0.02199,0.00702,0.13012,0.94325,0.02760,-0.15469,0.02198,0.00702,0.13012,0.94324,0.02760,-0.15469,0.02198,0.0000,0.0000,-0.0000,0.0000,-0.0000,0.4952,0.0999,-0.0481,0.00,0.2794,-0.0001,0.1531,0.0852
2.840,detect,0.00706,0.12588,0.94146,0.02787,-0.15502,0.02199,0.00702,0.13012,0.94325,0.02760,-0.15469,0.02198,0.00702,0.13012,0.94325,0.02760,-0.15469,0.02198,0.0000,0.0000,-0.0000,0.0000,-0.0000,0.4952,0.0999,-0.0481,0.00,0.2794,-0.0001,0.1531,0.0852
2.860,detect,0.00706,0.12588,0.94146,0.02787,-0.15502,0.02199,0.00702,0.13012,0.94325,0.02760,-0.15469,0.02198,0.00702,0.13012,0.94325,0.02760,-0.15469,0.02198,0.0000,0.0000,-0.0000,0.0000,-0.0000,0.4952,0.0999,-0.0481,0.00,0.2794,-0.0001,0.1531,0.0852
2.880,detect,0.00706,0.12588,0.94146,0.02787,-0.15502,0.02199,0.00702,0.13012,0.94325,0.02760,-0.15469,0.02198,0.00702,0.13012,0.94325,0.02760,-0.15469,0.02198,0.0000,0.0000,-0.0000,0.0000,-0.0000,0.4952,0.0999,-0.0481,0.00,0.2794,-0.0001,0.1531,0.0852
2.900,detect,0.00706,0.12588,0.94146,0.02787,-0.15502,0.02199,0.00702,0.13012,0.94325,0.02760,-0.15469,0.02198,0.00702,0.13012,0.94325,0.02760,-0.15469,0.02198,0.0000,0.0000,-0.0000,0.0000,-0.0000,0.4952,0.0999,-0.0481,0.00,0.2794,-0.0001,0.1531,0.0852
2.920,detect,0.00706,0.12588,0.94146,0.02787,-0.15502,0.02199,0.00702,0.13012,0.94325,0.02760,-0.15469,0.02198,0.00702,0.13012,0.94325,0.02760,-0.15469,0.02198,0.0000,0.0000,-0.0000,0.0000,-0.0000,0.4952,0.0999,-0.0481,0.00,0.2794,-0.0001,0.1531,0.0852
2.940,detect,0.00706,0.12588,0.94146,0.02787,-0.15502,0.02199,0.00702,0.13012,0.94325,0.02760,-0.15469,0.02198,0.00702,0.13012,0.94325,0.02760,-0.15469,0.02198,0.0000,0.0000,-0.0000,0.0000,-0.0000,0.4952,0.0999,-0.0481,0.00,0.2794,-0.0001,0.1531,0.0852
2.960,detect,0.00706,0.12588,0.94146,0.02787,-0.15502,0.02199,0.00702,0.13012,0.94325,0.02760,-0.15469,0.02198,0.00702,0.13012,0.94325,0.02760,-0.15469,0.02198,0.0000,0.0000,-0.0000,0.0000,-0.0000,0.4952,0.0999,-0.0481,0.00,0.2794,-0.0001,0.1531,0.0852
2.980,detect,0.00706,0.12588,0.94146,0.02787,-0.15502,0.02199,0.00702,0.13012,0.94325,0.02760,-0.15469,0.02198,0.00702,0.13012,0.94325,0.02760,-0.15469,0.02198,0.0000,0.0000,-0.0000,0.0000,-0.0000,0.4952,0.0999,-0.0481,0.00,0.2794,-0.0001,0.1531,0.0852
3.000,detect,0.00706,0.12588,0.94146,0.02787,-0.15502,0.02199,0.00702,0.13012,0.94325,0.02760,-0.15469,0.02198,0.00702,0.13012,0.94325,0.02760,-0.15469,0.02198,0.0000,0.0000,-0.0000,0.0000,-0.0000,0.4952,0.0999,-0.0481,0.00,0.2794,-0.0001,0.1531,0.0852
3.020,detect,0.00706,0.12588,0.94146,0.02787,-0.15502,0.02199,0.00702,0.13012,0.94325,0.02760,-0.15469,0.02198,0.00702,0.13012,0.94325,0.02760,-0.15469,0.02198,0.0000,0.0000,-0.0000,0.0000,-0.0000,0.4952,0.0999,-0.0481,0.00,0.2794,-0.0001,0.1531,0.0852
3.040,detect,0.00706,0.12588,0.94146,0.02787,-0.15502,0.02199,0.00702,0.13012,0.94325,0.02760,-0.15469,0.02198,0.00702,0.13012,0.94325,0.02760,-0.15469,0.02198,0.0000,0.0000,-0.0000,0.0000,-0.0000,0.4952,0.0999,-0.0481,0.00,0.2794,-0.0001,0.1531,0.0852
3.060,detect,0.00706,0.12588,0.94146,0.02787,-0.15502,0.02199,0.00702,0.13012,0.94325,0.02760,-0.15469,0.02198,0.00702,0.13012,0.94324,0.02760,-0.15469,0.02198,0.0000,0.0000,-0.0000,0.0000,-0.0000,0.4952,0.0999,-0.0481,0.00,0.2794,-0.0001,0.1531,0.0852
3.080,detect,0.00706,0.12588,0.94146,0.02787,-0.15502,0.02199,0.00702,0.13012,0.94325,0.02760,-0.15469,0.02198,0.00702,0.13012,0.94324,0.02760,-0.15469,0.02198,0.0000,0.0000,-0.0000,0.0000,-0.0000,0.4952,0.0999,-0.0481,0.00,0.2794,-0.0001,0.1531,0.0852
3.100,detect,0.00706,0.12588,0.94146,0.02787,-0.15502,0.02199,0.00702,0.13012,0.94325,0.02760,-0.15469,0.02198,0.00702,0.13012,0.94324,0.02760,-0.15469,0.02198,0.0000,0.0000,-0.0000,0.0000,-0.0000,0.4952,0.0999,-0.0481,0.00,0.2794,-0.0001,0.1531,0.0852
3.120,detect,0.00706,0.12588,0.94146,0.02787,-0.15502,0.02199,0.00702,0.13012,0.94325,0.02760,-0.15469,0.02198,0.00702,0.13012,0.94324,0.02760,-0.15469,0.02198,0.0000,0.0000,-0.0000,0.0000,-0.0000,0.4952,0.0999,-0.0481,0.00,0.2794,-0.0001,0.1531,0.0852
3.140,detect,0.00706,0.12588,0.94146,0.02787,-0.15502,0.02199,0.00702,0.13012,0.94325,0.02760,-0.15469,0.02198,0.00702,0.13012,0.94324,0.02760,-0.15469,0.02198,0.0000,0.0000,-0.0000,0.0000,-0.0000,0.4952,0.0999,-0.0481,0.00,0.2794,-0.0001,0.1531,0.0852
3.160,detect,0.00706,0.12588,0.94146,0.02787,-0.15502,0.02199,0.00702,0.13012,0.94324,0.02760,-0.15469,0.02198,0.00702,0.13012,0.94324,0.02760,-0.15469,0.02198,0.0000,0.0000,-0.0000,0.0000,-0.0000,0.4952,0.0999,-0.0481,0.00,0.2794,-0.0001,0.1531,0.0852
3.180,detect,0.00706,0.12588,0.94146,0.02787,-0.15502,0.02199,0.00702,0.13012,0.94324,0.02760,-0.15469,0.02198,0.00702,0.13012,0.94324,0.02760,-0.15469,0.02198,0.0000,0.0000,-0.0000,0.0000,-0.0000,0.4952,0.0999,-0.0481,0.00,0.2794,-0.0001,0.1531,0.0852
3.200,detect,0.00706,0.12588,0.94146,0.02787,-0.15502,0.02199,0.00702,0.13012,0.94324,0.02760,-0.15469,0.02198,0.00702,0.13012,0.94324,0.02760,-0.15469,0.02198,0.0000,0.0000,-0.0000,0.0000,-0.0000,0.4952,0.0999,-0.0481,0.00,0.2794,-0.0001,0.1531,0.0852
3.220,detect,0.00706,0.12588,0.94146,0.02787,-0.15502,0.02199,0.00702,0.13012,0.94324,0.02760,-0.15469,0.02198,0.00702,0.13012,0.94324,0.02760,-0.15469,0.02198,0.0000,0.0000,-0.0000,0.0000,-0.0000,0.4952,0.0999,-0.0481,0.00,0.2794,-0.0001,0.1531,0.0852
3.240,detect,0.00706,0.12588,0.94146,0.02787,-0.15502,0.02199,0.00702,0.13012,0.94324,0.02760,-0.15469,0.02198,0.00702,0.13012,0.94324,0.02760,-0.15469,0.02198,0.0000,0.0000,-0.0000,0.0000,-0.0000,0.4952,0.0999,-0.0481,0.00,0.2794,-0.0001,0.1531,0.0852
3.260,detect,0.00706,0.12588,0.94146,0.02787,-0.15502,0.02199,0.00702,0.13012,0.94324,0.02760,-0.15469,0.02198,0.00702,0.13012,0.94324,0.02760,-0.15469,0.02198,0.0000,0.0000,-0.0000,0.0000,-0.0000,0.4952,0.0999,-0.0481,0.00,0.2794,-0.0001,0.1531,0.0852
3.280,detect,0.00706,0.12588,0.94146,0.02787,-0.15502,0.02199,0.00702,0.13012,0.94324,0.02760,-0.15469,0.02198,0.00702,0.13012,0.94324,0.02760,-0.15469,0.02198,0.0000,0.0000,-0.0000,0.0000,-0.0000,0.4952,0.0999,-0.0481,0.00,0.2794,-0.0001,0.1531,0.0852
3.300,detect,0.00706,0.12588,0.94146,0.02787,-0.15502,0.02199,0.00702,0.13012,0.94324,0.02760,-0.15469,0.02198,0.00702,0.13012,0.94325,0.02760,-0.15469,0.02197,0.0000,0.0000,-0.0000,0.0000,-0.0000,0.4952,0.0999,-0.0481,0.00,0.2794,-0.0001,0.1531,0.0852
3.320,detect,0.00706,0.12588,0.94146,0.02787,-0.15502,0.02199,0.00702,0.13012,0.94324,0.02760,-0.15469,0.02198,0.00702,0.13012,0.94325,0.02760,-0.15469,0.02197,0.0000,0.0000,-0.0000,0.0000,-0.0000,0.4952,0.0999,-0.0481,0.00,0.2794,-0.0001,0.1531,0.0852
3.340,detect,0.00706,0.12588,0.94146,0.02787,-0.15502,0.02199,0.00702,0.13012,0.94324,0.02760,-0.15469,0.02198,0.00702,0.13012,0.94325,0.02760,-0.15469,0.02198,0.0000,0.0000,-0.0000,0.0000,-0.0000,0.4952,0.0999,-0.0481,0.00,0.2794,-0.0001,0.1531,0.0852
3.360,detect,0.00706,0.12588,0.94146,0.02787,-0.15502,0.02199,0.00702,0.13012,0.94324,0.02760,-0.15469,0.02198,0.00702,0.13012,0.94325,0.02760,-0.15469,0.02198,0.0000,0.0000,-0.0000,0.0000,-0.0000,0.4952,0.0999,-0.0481,0.00,0.2794,-0.0001,0.1531,0.0852
3.380,detect,0.00706,0.12588,0.94146,0.02787,-0.15502,0.02199,0.00702,0.13012,0.94324,0.02760,-0.15469,0.02198,0.00702,0.13012,0.94324,0.02760,-0.15469,0.02198,0.0000,0.0000,-0.0000,0.0000,-0.0000,0.4952,0.0999,-0.0481,0.00,0.2794,-0.0001,0.1531,0.0852
3.400,detect,0.00706,0.12588,0.94146,0.02787,-0.15502,0.02199,0.00702,0.13012,0.94324,0.02760,-0.15469,0.02198,0.00702,0.13012,0.94324,0.02760,-0.15469,0.02198,0.0000,0.0000,-0.0000,0.0000,-0.0000,0.4952,0.0999,-0.0481,0.00,0.2794,-0.0001,0.1531,0.0852
3.420,detect,0.00706,0.12588,0.94146,0.02787,-0.15502,0.02199,0.00702,0.13012,0.94324,0.02760,-0.15469,0.02198,0.00702,0.13012,0.94324,0.02760,-0.15469,0.02198,0.0000,0.0000,-0.0000,0.0000,-0.0000,0.4952,0.0999,-0.0481,0.00,0.2794,-0.0001,0.1531,0.0852
3.440,detect,0.00706,0.12588,0.94146,0.02787,-0.15502,0.02199,0.00702,0.13012,0.94324,0.02760,-0.15469,0.02198,0.00702,0.13012,0.94324,0.02760,-0.15469,0.02198,0.0000,0.0000,-0.0000,0.0000,-0.0000,0.4952,0.0999,-0.0481,0.00,0.2794,-0.0001,0.1531,0.0852
3.460,detect,0.00706,0.12588,0.94146,0.02787,-0.15502,0.02199,0.00702,0.13012,0.94324,0.02760,-0.15469,0.02198,0.00702,0.13012,0.94324,0.02760,-0.15469,0.02198,0.0000,0.0000,-0.0000,0.0000,-0.0000,0.4952,0.0999,-0.0481,0.00,0.2794,-0.0001,0.1531,0.0852
3.480,detect,0.00706,0.12588,0.94146,0.02787,-0.15502,0.02199,0.00702,0.13012,0.94324,0.02760,-0.15469,0.02198,0.00702,0.13012,0.94324,0.02760,-0.15469,0.02198,0.0000,0.0000,-0.0000,0.0000,-0.0000,0.4952,0.0999,-0.0481,0.00,0.2794,-0.0001,0.1531,0.0852
3.500,detect,0.00706,0.12588,0.94146,0.02787,-0.15502,0.02199,0.00702,0.13012,0.94324,0.02760,-0.15469,0.02198,0.00702,0.13012,0.94324,0.02760,-0.15469,0.02198,0.0000,0.0000,-0.0000,0.0000,-0.0000,0.4952,0.0999,-0.0481,0.00,0.2794,-0.0001,0.1531,0.0852
3.520,detect,0.00706,0.12588,0.94146,0.02787,-0.15502,0.02199,0.00702,0.13012,0.94324,0.02760,-0.15469,0.02198,0.00702,0.13012,0.94324,0.02760,-0.15469,0.02198,0.0000,0.0000,-0.0000,0.0000,-0.0000,0.4952,0.0999,-0.0481,0.00,0.2794,-0.0001,0.1531,0.0852
3.540,detect,0.00706,0.12588,0.94146,0.02787,-0.15502,0.02199,0.00702,0.13012,0.94324,0.02760,-0.15469,0.02198,0.00702,0.13012,0.94324,0.02760,-0.15469,0.02198,0.0000,0.0000,-0.0000,0.0000,-0.0000,0.4952,0.0999,-0.0481,0.00,0.2794,-0.0001,0.1531,0.0852
3.560,detect,0.00706,0.12588,0.94146,0.02787,-0.15502,0.02199,0.00702,0.13012,0.94324,0.02760,-0.15469,0.02198,0.00702,0.13012,0.94324,0.02760,-0.15469,0.02198,0.0000,0.0000,-0.0000,0.0000,-0.0000,0.4952,0.0999,-0.0481,0.00,0.2794,-0.0001,0.1531,0.0852
3.580,detect,0.00706,0.12588,0.94146,0.02787,-0.15502,0.02199,0.00702,0.13012,0.94324,0.02760,-0.15469,0.02198,0.00702,0.13012,0.94324,0.02760,-0.15469,0.02198,0.0000,0.0000,-0.0000,0.0000,-0.0000,0.4952,0.0999,-0.0481,0.00,0.2794,-0.0001,0.1531,0.0852
3.600,moving,0.00706,0.12588,0.94146,0.02787,-0.15502,0.02199,0.00702,0.13012,0.94324,0.02760,-0.15469,0.02198,0.00702,0.13012,0.94324,0.02760,-0.15469,0.02198,0.0000,0.0000,-0.0000,0.0000,-0.0000,0.4952,0.0999,-0.0481,0.00,0.2794,-0.0001,0.1531,0.0852
3.620,moving,0.29554,0.20904,0.84600,-0.37057,-0.15970,-0.36069,0.00702,0.13012,0.94324,0.02760,-0.15469,0.02198,0.00702,0.13012,0.94324,0.02760,-0.15469,0.02197,0.0000,0.0000,-0.0000,0.0000,-0.0000,0.4952,0.0999,-0.0481,0.00,0.2794,-0.0001,0.1531,0.0852
3.640,moving,0.29554,0.20904,0.84600,-0.37057,-0.15970,-0.36069,0.00702,0.13012,0.94324,0.02760,-0.15469,0.02197,0.00702,0.13012,0.94324,0.02760,-0.15469,0.02197,0.0000,0.0000,-0.0000,0.0000,-0.0000,0.4952,0.0999,-0.0481,0.00,0.2794,-0.0001,0.1531,0.0852
3.660,moving,0.29554,0.20904,0.84600,-0.37057,-0.15970,-0.36069,0.00702,0.13012,0.94324,0.02760,-0.15469,0.02197,0.00702,0.13012,0.94324,0.02760,-0.15469,0.02197,0.0000,0.0000,-0.0000,0.0000,-0.0000,0.4952,0.0999,-0.0481,0.00,0.2794,-0.0001,0.1531,0.0852
3.680,moving,0.29554,0.20904,0.84600,-0.37057,-0.15970,-0.36069,0.00702,0.13012,0.94324,0.02760,-0.15469,0.02197,0.00702,0.13012,0.94324,0.02760,-0.15469,0.02197,0.0000,0.0000,-0.0000,0.0000,-0.0000,0.4952,0.0999,-0.0481,0.00,0.2794,-0.0001,0.1531,0.0852
3.700,moving,0.29554,0.20904,0.84600,-0.37057,-0.15970,-0.36069,0.00702,0.13012,0.94324,0.02760,-0.15469,0.02197,0.00920,0.13243,0.94122,0.02574,-0.15701,0.01973,0.0000,0.0000,-0.0000,0.0000,-0.0000,0.4952,0.0999,-0.0482,0.00,0.2802,0.0006,0.1532,0.0851
3.720,moving,0.29554,0.20904,0.84600,-0.37057,-0.15970,-0.36069,0.00702,0.13012,0.94324,0.02760,-0.15469,0.02197,0.01754,0.14092,0.93278,0.01785,-0.15933,0.01132,0.0000,0.0000,-0.0000,0.0000,-0.0000,0.4953,0.0998,-0.0483,0.00,0.2828,0.0032,0.1531,0.0851
3.740,moving,0.29554,0.20904,0.84600,-0.37057,-0.15970,-0.36069,0.00702,0.13012,0.94324,0.02760,-0.15469,0.02197,0.03210,0.15561,0.91820,0.00367,-0.15936,-0.00332,0.0000,0.0000,-0.0000,0.0000,-0.0000,0.4954,0.0997,-0.0484,0.00,0.2866,0.0078,0.1525,0.0851
3.760,moving,0.29554,0.20904,0.84600,-0.37057,-0.15970,-0.36069,0.03210,0.15561,0.91820,0.00367,-0.15936,-0.00332,0.05287,0.17637,0.89740,-0.01679,-0.15933,-0.02419,0.0000,0.0000,-0.0000,0.0000,-0.0000,0.4955,0.0996,-0.0484,0.00,0.2919,0.0146,0.1516,0.0851
3.780,moving,0.29554,0.20904,0.84600,-0.37057,-0.15970,-0.36069,0.03210,0.15561,0.91820,0.00367,-0.15936,-0.00332,0.07771,0.19490,0.87533,-0.04079,-0.15931,-0.04921,0.0000,0.0000,-0.0000,0.0000,-0.0000,0.4956,0.0996,-0.0484,0.00,0.2973,0.0230,0.1515,0.0851
3.800,moving,0.29554,0.20904,0.84600,-0.37057,-0.15970,-0.36069,0.03210,0.15561,0.91820,0.00367,-0.15936,-0.00332,0.08785,0.20112,0.86737,-0.05178,-0.15928,-0.05834,0.0000,0.0000,-0.0000,0.0000,-0.0000,0.4954,0.1001,-0.0480,0.00,0.2992,0.0266,0.1516,0.0852
3.820,moving,0.29554,0.20904,0.84600,-0.37057,-0.15970,-0.36069,0.03210,0.15561,0.91820,0.00367,-0.15936,-0.00332,0.09602,0.20889,0.85930,-0.05999,-0.15928,-0.06696,0.0000,0.0000,-0.0000,0.0000,-0.0000,0.4953,0.1003,-0.0478,0.00,0.3010,0.0294,0.1512,0.0851
3.840,moving,0.29554,0.20904,0.84600,-0.37057,-0.15970,-0.36069,0.03210,0.15561,0.91820,0.00367,-0.15936,-0.00332,0.11041,0.21319,0.85041,-0.07436,-0.15924,-0.08178,0.0000,0.0000,-0.0000,0.0000,-0.0000,0.4951,0.1001,-0.0479,0.00,0.3030,0.0345,0.1521,0.0852
3.860,moving,0.29554,0.20904,0.84600,-0.37057,-0.15970,-0.36069,0.03210,0.15561,0.91820,0.00367,-0.15936,-0.00332,0.13106,0.21348,0.84723,-0.09491,-0.15921,-0.10277,0.0000,0.0000,-0.0000,0.0000,-0.0000,0.4950,0.0999,-0.0481,0.00,0.3030,0.0414,0.1528,0.0852
3.880,moving,0.29554,0.20904,0.84600,-0.37057,-0.15970,-0.36069,0.13106,0.21348,0.84723,-0.09491,-0.15921,-0.10277,0.15588,0.21345,0.84715,-0.11920,-0.15921,-0.12787,0.0000,0.0000,-0.0000,0.0000,-0.0000,0.4948,0.0998,-0.0482,0.00,0.3018,0.0496,0.1528,0.0852
3.900,moving,0.29554,0.20904,0.84600,-0.37057,-0.15970,-0.36069,0.13106,0.21348,0.84723,-0.09491,-0.15921,-0.10277,0.16625,0.21344,0.84712,-0.13021,-0.15923,-0.13702,0.0000,0.0000,-0.0000,0.0000,-0.0000,0.4947,0.1001,-0.0480,0.00,0.3011,0.0530,0.1528,0.0852
3.920,moving,0.29554,0.20904,0.84600,-0.37057,-0.15970,-0.36069,0.13106,0.21348,0.84723,-0.09491,-0.15921,-0.10277,0.17424,0.21343,0.84722,-0.13824,-0.15923,-0.14566,0.0000,0.0000,-0.0000,0.0000,-0.0000,0.4947,0.1002,-0.0478,0.00,0.3006,0.0556,0.1527,0.0852
3.940,moving,0.29554,0.20904,0.84600,-0.37057,-0.15970,-0.36069,0.13106,0.21348,0.84723,-0.09491,-0.15921,-0.10277,0.18851,0.21341,0.84732,-0.15251,-0.15924,-0.16047,0.0000,0.0000,-0.0000,0.0000,-0.0000,0.4948,0.1001,-0.0479,0.00,0.2996,0.0603,0.1527,0.0852
3.960,moving,0.29554,0.20904,0.84600,-0.37057,-0.15970,-0.36069,0.13106,0.21348,0.84723,-0.09491,-0.15921,-0.10277,0.20905,0.21341,0.84738,-0.17299,-0.15923,-0.18147,0.0000,0.0000,-0.0000,0.0000,-0.0000,0.4949,0.0999,-0.0481,0.00,0.2981,0.0670,0.1526,0.0852
3.980,moving,0.29554,0.20904,0.84600,-0.37057,-0.15970,-0.36069,0.13106,0.21348,0.84723,-0.09491,-0.15921,-0.10277,0.23380,0.21339,0.84741,-0.19727,-0.15926,-0.20656,0.0000,0.0000,-0.0000,0.0000,-0.0000,0.4950,0.0998,-0.0482,0.00,0.2961,0.0750,0.1526,0.0852
4.000,moving,0.29554,0.20904,0.84600,-0.37057,-0.15970,-0.36069,0.23380,0.21339,0.84741,-0.19727,-0.15926,-0.20656,0.24420,0.21337,0.84730,-0.20830,-0.15933,-0.21572,0.0000,0.0000,-0.0000,0.0000,-0.0000,0.4951,0.1001,-0.0480,0.00,0.2952,0.0784,0.1526,0.0852
4.020,moving,0.29554,0.20904,0.84600,-0.37057,-0.15970,-0.36069,0.23380,0.21339,0.84741,-0.19727,-0.15926,-0.20656,0.25211,0.21336,0.84741,-0.21627,-0.15935,-0.22435,0.0000,0.0000,-0.0000,0.0000,-0.0000,0.4952,0.1003,-0.0478,0.00,0.2944,0.0809,0.1525,0.0852
4.040,moving,0.29554,0.20904,0.84600,-0.37057,-0.15970,-0.36069,0.23380,0.21339,0.84741,-0.19727,-0.15926,-0.20656,0.26631,0.21334,0.84750,-0.23050,-0.15938,-0.23918,0.0000,0.0000,-0.0000,0.0000,-0.0000,0.4953,0.1002,-0.0479,0.00,0.2931,0.0854,0.1525,0.0851
4.060,moving,0.29554,0.20904,0.84600,-0.37057,-0.15970,-0.36069,0.23380,0.21339,0.84741,-0.19727,-0.15926,-0.20656,0.28237,0.21332,0.84749,-0.25195,-0.15942,-0.26032,0.0000,0.0000,-0.0000,0.0000,-0.0000,0.4953,0.1001,-0.0480,0.00,0.2914,0.0907,0.1524,0.0851
4.080,moving,0.29554,0.20904,0.84600,-0.37057,-0.15970,-0.36069,0.23380,0.21339,0.84741,-0.19727,-0.15926,-0.20656,0.29207,0.21331,0.84747,-0.27702,-0.15948,-0.28556,0.0000,0.0000,-0.0001,0.0000,-0.0000,0.4954,0.1001,-0.0479,0.00,0.2901,0.0941,0.1523,0.0851
4.100,moving,0.29554,0.20904,0.84600,-0.37057,-0.15970,-0.36069,0.23380,0.21339,0.84741,-0.19727,-0.15926,-0.20656,0.29537,0.21330,0.84748,-0.28605,-0.15954,-0.29440,0.0000,0.0000,-0.0001,0.0000,-0.0000,0.4954,0.1003,-0.0478,0.00,0.2897,0.0953,0.1523,0.0851
4.120,moving,0.29554,0.20904,0.84600,-0.37057,-0.15970,-0.36069,0.29537,0.21330,0.84748,-0.28605,-0.15954,-0.29440,0.29581,0.21329,0.84748,-0.29483,-0.15958,-0.30308,0.0000,0.0000,-0.0001,0.0000,-0.0000,0.4953,0.1003,-0.0478,0.00,0.2895,0.0957,0.1523,0.0851
4.140,moving,0.29554,0.20904,0.84600,-0.37057,-0.15970,-0.36069,0.29537,0.21330,0.84748,-0.28605,-0.15954,-0.29440,0.29562,0.21329,0.84751,-0.30943,-0.15962,-0.31787,0.0000,0.0000,-0.0001,0.0000,-0.0000,0.4953,0.1003,-0.0478,0.00,0.2893,0.0959,0.1522,0.0851
4.160,moving,0.29554,0.20904,0.84600,-0.37057,-0.15970,-0.36069,0.29537,0.21330,0.84748,-0.28605,-0.15954,-0.29440,0.29545,0.21328,0.84752,-0.33008,-0.15965,-0.33766,0.0000,0.0000,-0.0001,0.0000,-0.0000,0.4952,0.1002,-0.0479,0.00,0.2890,0.0964,0.1521,0.0851
4.180,moving,0.29554,0.20904,0.84600,-0.37057,-0.15970,-0.36069,0.29537,0.21330,0.84748,-0.28605,-0.15954,-0.29440,0.29534,0.21328,0.84753,-0.35078,-0.15968,-0.35281,0.0000,0.0000,-0.0001,0.0000,-0.0000,0.4952,0.1001,-0.0480,0.00,0.2887,0.0969,0.1520,0.0852
4.200,moving,0.29554,0.20904,0.84600,-0.37057,-0.15970,-0.36069,0.29537,0.21330,0.84748,-0.28605,-0.15954,-0.29440,0.29528,0.21329,0.84754,-0.35744,-0.15972,-0.35795,0.0000,0.0000,-0.0001,0.0000,-0.0000,0.4951,0.1001,-0.0480,0.00,0.2886,0.0970,0.1520,0.0852
4.220,moving,0.29554,0.20904,0.84600,-0.37057,-0.15970,-0.36069,0.29537,0.21330,0.84748,-0.28605,-0.15954,-0.29440,0.29517,0.21329,0.84753,-0.36558,-0.15975,-0.36339,0.0000,0.0000,-0.0001,0.0000,-0.0000,0.4951,0.1001,-0.0480,0.00,0.2885,0.0972,0.1519,0.0852
4.240,moving,0.29554,0.20904,0.84600,-0.37057,-0.15970,-0.36069,0.29517,0.21329,0.84753,-0.36558,-0.15975,-0.36339,0.29512,0.21329,0.84753,-0.37296,-0.15978,-0.36440,0.0000,0.0000,-0.0001,0.0000,-0.0000,0.4951,0.1001,-0.0480,0.00,0.2884,0.0973,0.1519,0.0852
4.260,moving,0.29554,0.20904,0.84600,-0.37057,-0.15970,-0.36069,0.29517,0.21329,0.84753,-0.36558,-0.15975,-0.36339,0.29508,0.21329,0.84753,-0.37489,-0.15981,-0.36444,0.0000,0.0000,-0.0001,0.0000,-0.0000,0.4951,0.1001,-0.0480,0.00,0.2883,0.0973,0.1519,0.0852
4.280,moving,0.29554,0.20904,0.84600,-0.37057,-0.15970,-0.36069,0.29517,0.21329,0.84753,-0.36558,-0.15975,-0.36339,0.29503,0.21330,0.84752,-0.37485,-0.15983,-0.36445,0.0000,0.0000,-0.0001,0.0000,-0.0000,0.4951,0.1001,-0.0479,0.00,0.2883,0.0973,0.1519,0.0852
4.300,moving,0.29554,0.20904,0.84600,-0.37057,-0.15970,-0.36069,0.29517,0.21329,0.84753,-0.36558,-0.15975,-0.36339,0.29499,0.21330,0.84752,-0.37481,-0.15984,-0.36447,0.0000,0.0000,-0.0001,0.0000,-0.0000,0.4951,0.1001,-0.0479,0.00,0.2883,0.0973,0.1519,0.0852
4.320,moving,0.29554,0.20904,0.84600,-0.37057,-0.15970,-0.36069,0.29517,0.21329,0.84753,-0.36558,-0.15975,-0.36339,0.29496,0.21330,0.84751,-0.37477,-0.15986,-0.36448,0.0000,0.0000,-0.0001,0.0000,-0.0000,0.4951,0.1001,-0.0479,0.00,0.2883,0.0973,0.1519,0.0852
4.340,moving,0.29554,0.20904,0.84600,-0.37057,-0.15970,-0.36069,0.29517,0.21329,0.84753,-0.36558,-0.15975,-0.36339,0.29494,0.21329,0.84751,-0.37473,-0.15987,-0.36449,0.0000,0.0000,-0.0001,0.0000,-0.0000,0.4951,0.1001,-0.0479,0.00,0.2884,0.0973,0.1519,0.0852
4.360,moving,0.29554,0.20904,0.84600,-0.37057,-0.15970,-0.36069,0.29494,0.21329,0.84751,-0.37473,-0.15987,-0.36449,0.29491,0.21329,0.84752,-0.37470,-0.15988,-0.36450,0.0000,0.0000,-0.0001,0.0000,-0.0000,0.4951,0.1001,-0.0480,0.00,0.2884,0.0973,0.1519,0.0852
4.380,moving,0.29554,0.20904,0.84600,-0.37057,-0.15970,-0.36069,0.29494,0.21329,0.84751,-0.37473,-0.15987,-0.36449,0.29490,0.21329,0.84752,-0.37467,-0.15989,-0.36450,0.0000,0.0000,-0.0001,0.0000,-0.0000,0.4952,0.1001,-0.0480,0.00,0.2884,0.0973,0.1519,0.0852
4.400,moving,0.29554,0.20904,0.84600,-0.37057,-0.15970,-0.36069,0.29494,0.21329,0.84751,-0.37473,-0.15987,-0.36449,0.29488,0.21329,0.84752,-0.37465,-0.15990,-0.36450,0.0000,0.0000,-0.0001,0.0000,-0.0000,0.4952,0.1001,-0.0480,0.00,0.2884,0.0973,0.1519,0.0852
4.420,moving,0.29554,0.20904,0.84600,-0.37057,-0.15970,-0.36069,0.29494,0.21329,0.84751,-0.37473,-0.15987,-0.36449,0.29487,0.21328,0.84752,-0.37463,-0.15990,-0.36451,0.0000,0.0000,-0.0001,0.0000,-0.0000,0.4952,0.1001,-0.0480,0.00,0.2884,0.0973,0.1519,0.0851
4.440,moving,0.29554,0.20904,0.84600,-0.37057,-0.15970,-0.36069,0.29494,0.21329,0.84751,-0.37473,-0.15987,-0.36449,0.29486,0.21328,0.84752,-0.37461,-0.15990,-0.36451,0.0000,0.0000,-0.0001,0.0000,-0.0000,0.4952,0.1001,-0.0480,0.00,0.2884,0.0973,0.1519,0.0851
4.460,moving,0.29554,0.20904,0.84600,-0.37057,-0.15970,-0.36069,0.29494,0.21329,0.84751,-0.37473,-0.15987,-0.36449,0.29486,0.21328,0.84752,-0.37460,-0.15991,-0.36451,0.0000,0.0000,-0.0001,0.0000,-0.0000,0.4952,0.1001,-0.0480,0.00,0.2884,0.0973,0.1519,0.0852
4.480,moving,0.29554,0.20904,0.84600,-0.37057,-0.15970,-0.36069,0.29486,0.21328,0.84752,-0.37460,-0.15991,-0.36451,0.29485,0.21328,0.84752,-0.37459,-0.15991,-0.36451,0.0000,0.0000,-0.0001,0.0000,-0.0000,0.4952,0.1001,-0.0480,0.00,0.2884,0.0973,0.1519,0.0852
4.500,moving,0.29554,0.20904,0.84600,-0.37057,-0.15970,-0.36069,0.29486,0.21328,0.84752,-0.37460,-0.15991,-0.36451,0.29484,0.21328,0.84752,-0.37459,-0.15991,-0.36451,0.0000,0.0000,-0.0001,0.0000,-0.0000,0.4952,0.1001,-0.0480,0.00,0.2884,0.0973,0.1519,0.0852
4.520,moving,0.29554,0.20904,0.84600,-0.37057,-0.15970,-0.36069,0.29486,0.21328,0.84752,-0.37460,-0.15991,-0.36451,0.29484,0.21328,0.84752,-0.37458,-0.15991,-0.36451,0.0000,0.0000,-0.0001,0.0000,-0.0000,0.4952,0.1001,-0.0480,0.00,0.2884,0.0973,0.1519,0.0852
4.540,moving,0.29554,0.20904,0.84600,-0.37057,-0.15970,-0.36069,0.29486,0.21328,0.84752,-0.37460,-0.15991,-0.36451,0.29484,0.21328,0.84752,-0.37458,-0.15992,-0.36452,0.0000,0.0000,-0.0001,0.0000,-0.0000,0.4951,0.1001,-0.0480,0.00,0.2884,0.0973,0.1519,0.0852
4.560,moving,0.29554,0.20904,0.84600,-0.37057,-0.15970,-0.36069,0.29486,0.21328,0.84752,-0.37460,-0.15991,-0.36451,0.29483,0.21328,0.84752,-0.37457,-0.15992,-0.36452,0.0000,0.0000,-0.0001,0.0000,-0.0000,0.4951,0.1001,-0.0480,0.00,0.2884,0.0973,0.1519,0.0852
4.580,moving,0.29554,0.20904,0.84600,-0.37057,-0.15970,-0.36069,0.29486,0.21328,0.84752,-0.37460,-0.15991,-0.36451,0.29483,0.21329,0.84752,-0.37457,-0.15992,-0.36452,0.0000,0.0000,-0.0001,0.0000,-0.0000,0.4951,0.1001,-0.0480,0.00,0.2884,0.0973,0.1519,0.0852
4.600,moving,0.29554,0.20904,0.84600,-0.37057,-0.15970,-0.36069,0.29483,0.21329,0.84752,-0.37457,-0.15992,-0.36452,0.29483,0.21329,0.84752,-0.37457,-0.15992,-0.36452,0.0000,0.0000,-0.0001,0.0000,-0.0000,0.4951,0.1001,-0.0480,0.00,0.2884,0.0973,0.1519,0.0852
4.620,moving,0.29554,0.20904,0.84600,-0.37057,-0.15970,-0.36069,0.29483,0.21329,0.84752,-0.37457,-0.15992,-0.36452,0.29482,0.21329,0.84752,-0.37457,-0.15992,-0.36452,0.0000,0.0000,-0.0001,0.0000,-0.0000,0.4951,0.1001,-0.0480,0.00,0.2884,0.0973,0.1519,0.0852
4.640,moving,0.29554,0.20904,0.84600,-0.37057,-0.15970,-0.36069,0.29483,0.21329,0.84752,-0.37457,-0.15992,-0.36452,0.29482,0.21329,0.84752,-0.37457,-0.15992,-0.36453,0.0000,0.0000,-0.0001,0.0000,-0.0000,0.4951,0.1001,-0.0480,0.00,0.2884,0.0973,0.1519,0.0852
4.660,moving,0.29554,0.20904,0.84600,-0.37057,-0.15970,-0.36069,0.29483,0.21329,0.84752,-0.37457,-0.15992,-0.36452,0.29482,0.21329,0.84752,-0.37457,-0.15992,-0.36453,0.0000,0.0000,-0.0001,0.0000,-0.0000,0.4951,0.1001,-0.0480,0.00,0.2884,0.0973,0.1519,0.0852
4.680,moving,0.29554,0.20904,0.84600,-0.37057,-0.15970,-0.36069,0.29483,0.21329,0.84752,-0.37457,-0.15992,-0.36452,0.29482,0.21329,0.84752,-0.37457,-0.15992,-0.36453,0.0000,0.0000,-0.0001,0.0000,-0.0000,0.4951,0.1001,-0.0480,0.00,0.2884,0.0973,0.1519,0.0852
4.700,detect,0.29554,0.20904,0.84600,-0.37057,-0.15970,-0.36069,0.29483,0.21329,0.84752,-0.37457,-0.15992,-0.36452,0.29482,0.21328,0.84752,-0.37457,-0.15992,-0.36453,0.0000,0.0000,-0.0001,0.0000,-0.0000,0.4952,0.1001,-0.0480,0.00,0.2884,0.0973,0.1519,0.0852
4.720,detect,0.29554,0.20904,0.84600,-0.37057,-0.15970,-0.36069,0.29482,0.21328,0.84752,-0.37457,-0.15992,-0.36453,0.29482,0.21328,0.84752,-0.37457,-0.15992,-0.36453,0.0000,0.0000,-0.0001,0.0000,-0.0000,0.4952,0.1001,-0.0480,0.00,0.2884,0.0973,0.1519,0.0852
4.740,detect,0.29554,0.20904,0.84600,-0.37057,-0.15970,-0.36069,0.29482,0.21328,0.84752,-0.37457,-0.15992,-0.36453,0.29482,0.21328,0.84752,-0.37457,-0.15992,-0.36453,0.0000,0.0000,-0.0001,0.0000,-0.0000,0.4952,0.1001,-0.0480,0.00,0.2884,0.0973,0.1519,0.0852
4.760,detect,0.29554,0.20904,0.84600,-0.37057,-0.15970,-0.36069,0.29482,0.21328,0.84752,-0.37457,-0.15992,-0.36453,0.29482,0.21328,0.84752,-0.37458,-0.15993,-0.36453,0.0000,0.0000,-0.0001,0.0000,-0.0000,0.4952,0.1001,-0.0480,0.00,0.2884,0.0973,0.1519,0.0852
4.780,detect,0.29554,0.20904,0.84600,-0.37057,-0.15970,-0.36069,0.29482,0.21328,0.84752,-0.37457,-0.15992,-0.36453,0.29482,0.21328,0.84752,-0.37457,-0.15993,-0.36453,0.0000,0.0000,-0.0001,0.0000,-0.0000,0.4952,0.1001,-0.0480,0.00,0.2884,0.0973,0.1519,0.0852
4.800,detect,0.29554,0.20904,0.84600,-0.37057,-0.15970,-0.36069,0.29482,0.21328,0.84752,-0.37457,-0.15992,-0.36453,0.29482,0.21328,0.84752,-0.37457,-0.15993,-0.36453,0.0000,0.0000,-0.0001,0.0000,-0.0000,0.4952,0.1001,-0.0480,0.00,0.2884,0.0973,0.1519,0.0852
4.820,detect,0.29554,0.20904,0.84600,-0.37057,-0.15970,-0.36069,0.29482,0.21328,0.84752,-0.37457,-0.15992,-0.36453,0.29482,0.21328,0.84752,-0.37457,-0.15992,-0.36453,0.0000,0.0000,-0.0001,0.0000,-0.0000,0.4952,0.1001,-0.0480,0.00,0.2884,0.0973,0.1519,0.0852
4.840,detect,0.29554,0.20904,0.84600,-0.37057,-0.15970,-0.36069,0.29482,0.21328,0.84752,-0.37457,-0.15992,-0.36453,0.29482,0.21328,0.84752,-0.37457,-0.15992,-0.36453,0.0000,0.0000,-0.0001,0.0000,-0.0000,0.4952,0.1001,-0.0480,0.00,0.2884,0.0973,0.1519,0.0852
4.860,detect,0.29554,0.20904,0.84600,-0.37057,-0.15970,-0.36069,0.29482,0.21328,0.84752,-0.37457,-0.15992,-0.36453,0.29482,0.21328,0.84752,-0.37456,-0.15992,-0.36453,0.0000,0.0000,-0.0001,0.0000,-0.0000,0.4952,0.1001,-0.0480,0.00,0.2884,0.0973,0.1519,0.0852
4.880,detect,0.29554,0.20904,0.84600,-0.37057,-0.15970,-0.36069,0.29482,0.21328,0.84752,-0.37457,-0.15992,-0.36453,0.29482,0.21328,0.84752,-0.37456,-0.15992,-0.36453,0.0000,0.0000,-0.0001,0.0000,-0.0000,0.4952,0.1001,-0.0480,0.00,0.2884,0.0973,0.1519,0.0852
4.900,detect,0.29554,0.20904,0.84600,-0.37057,-0.15970,-0.36069,0.29482,0.21328,0.84752,-0.37457,-0.15992,-0.36453,0.29482,0.21328,0.84752,-0.37456,-0.15992,-0.36453,0.0000,0.0000,-0.0001,0.0000,-0.0000,0.4951,0.1001,-0.0480,0.00,0.2884,0.0973,0.1519,0.0852
4.920,detect,0.29554,0.20904,0.84600,-0.37057,-0.15970,-0.36069,0.29482,0.21328,0.84752,-0.37457,-0.15992,-0.36453,0.29482,0.21328,0.84752,-0.37456,-0.15992,-0.36452,0.0000,0.0000,-0.0001,0.0000,-0.0000,0.4951,0.1001,-0.0480,0.00,0.2884,0.0973,0.1519,0.0852
4.940,detect,0.29554,0.20904,0.84600,-0.37057,-0.15970,-0.36069,0.29482,0.21328,0.84752,-0.37457,-0.15992,-0.36453,0.29482,0.21329,0.84752,-0.37456,-0.15992,-0.36452,0.0000,0.0000,-0.0001,0.0000,-0.0000,0.4951,0.1001,-0.0480,0.00,0.2884,0.0973,0.1519,0.0852
4.960,detect,0.29554,0.20904,0.84600,-0.37057,-0.15970,-0.36069,0.29482,0.21329,0.84752,-0.37456,-0.15992,-0.36452,0.29482,0.21329,0.84752,-0.37456,-0.15992,-0.36452,0.0000,0.0000,-0.0001,0.0000,-0.0000,0.4951,0.1001,-0.0480,0.00,0.2884,0.0973,0.1519,0.0852
4.980,detect,0.29554,0.20904,0.84600,-0.37057,-0.15970,-0.36069,0.29482,0.21329,0.84752,-0.37456,-0.15992,-0.36452,0.29482,0.21328,0.84752,-0.37456,-0.15992,-0.36453,0.0000,0.0000,-0.0001,0.0000,-0.0000,0.4951,0.1001,-0.0480,0.00,0.2884,0.0973,0.1519,0.0852
5.000,detect,0.29554,0.20904,0.84600,-0.37057,-0.15970,-0.36069,0.29482,0.21329,0.84752,-0.37456,-0.15992,-0.36452,0.29482,0.21328,0.84752,-0.37456,-0.15992,-0.36453,0.0000,0.0000,-0.0001,0.0000,-0.0000,0.4951,0.1001,-0.0480,0.00,0.2884,0.0973,0.1519,0.0852
5.020,detect,0.29554,0.20904,0.84600,-0.37057,-0.15970,-0.36069,0.29482,0.21329,0.84752,-0.37456,-0.15992,-0.36452,0.29482,0.21328,0.84752,-0.37457,-0.15992,-0.36453,0.0000,0.0000,-0.0001,0.0000,-0.0000,0.4951,0.1001,-0.0480,0.00,0.2884,0.0973,0.1519,0.0852
5.040,detect,0.29554,0.20904,0.84600,-0.37057,-0.15970,-0.36069,0.29482,0.21329,0.84752,-0.37456,-0.15992,-0.36452,0.29482,0.21328,0.84752,-0.37457,-0.15992,-0.36453,0.0000,0.0000,-0.0001,0.0000,-0.0000,0.4952,0.1001,-0.0480,0.00,0.2884,0.0973,0.1519,0.0852
5.060,detect,0.29554,0.20904,0.84600,-0.37057,-0.15970,-0.36069,0.29482,0.21329,0.84752,-0.37456,-0.15992,-0.36452,0.29482,0.21328,0.84752,-0.37457,-0.15993,-0.36453,0.0000,0.0000,-0.0001,0.0000,-0.0000,0.4952,0.1001,-0.0480,0.00,0.2884,0.0973,0.1519,0.0852
5.080,detect,0.29554,0.20904,0.84600,-0.37057,-0.15970,-0.36069,0.29482,0.21328,0.84752,-0.37457,-0.15993,-0.36453,0.29482,0.21328,0.84752,-0.37457,-0.15993,-0.36453,0.0000,0.0000,-0.0001,0.0000,-0.0000,0.4952,0.1001,-0.0480,0.00,0.2884,0.0973,0.1519,0.0852
5.100,detect,0.29554,0.20904,0.84600,-0.37057,-0.15970,-0.36069,0.29482,0.21328,0.84752,-0.37457,-0.15993,-0.36453,0.29482,0.21328,0.84752,-0.37457,-0.15993,-0.36453,0.0000,0.0000,-0.0001,0.0000,-0.0000,0.4952,0.1001,-0.0480,0.00,0.2884,0.0973,0.1519,0.0852
5.120,detect,0.29554,0.20904,0.84600,-0.37057,-0.15970,-0.36069,0.29482,0.21328,0.84752,-0.37457,-0.15993,-0.36453,0.29482,0.21328,0.84752,-0.37457,-0.15993,-0.36453,0.0000,0.0000,-0.0001,0.0000,-0.0000,0.4952,0.1001,-0.0480,0.00,0.2884,0.0973,0.1519,0.0852
5.140,detect,0.29554,0.20904,0.84600,-0.37057,-0.15970,-0.36069,0.29482,0.21328,0.84752,-0.37457,-0.15993,-0.36453,0.29482,0.21328,0.84752,-0.37457,-0.15992,-0.36453,0.0000,0.0000,-0.0001,0.0000,-0.0000,0.4952,0.1001,-0.0480,0.00,0.2884,0.0973,0.1519,0.0852
5.160,detect,0.29554,0.20904,0.84600,-0.37057,-0.15970,-0.36069,0.29482,0.21328,0.84752,-0.37457,-0.15993,-0.36453,0.29482,0.21328,0.84752,-0.37457,-0.15992,-0.36453,0.0000,0.0000,-0.0001,0.0000,-0.0000,0.4952,0.1001,-0.0480,0.00,0.2884,0.0973,0.1519,0.0852
5.180,detect,0.29554,0.20904,0.84600,-0.37057,-0.15970,-0.36069,0.29482,0.21328,0.84752,-0.37457,-0.15993,-0.36453,0.29482,0.21328,0.84752,-0.37456,-0.15992,-0.36453,0.0000,0.0000,-0.0001,0.0000,-0.0000,0.4952,0.1001,-0.0480,0.00,0.2884,0.0973,0.1519,0.0852
5.200,detect,0.29554,0.20904,0.84600,-0.37057,-0.15970,-0.36069,0.29482,0.21328,0.84752,-0.37456,-0.15992,-0.36453,0.29482,0.21328,0.84752,-0.37456,-0.15992,-0.36453,0.0000,0.0000,-0.0001,0.0000,-0.0000,0.4952,0.1001,-0.0480,0.00,0.2884,0.0973,0.1519,0.0852
5.220,detect,0.29554,0.20904,0.84600,-0.37057,-0.15970,-0.36069,0.29482,0.21328,0.84752,-0.37456,-0.15992,-0.36453,0.29482,0.21328,0.84752,-0.37456,-0.15992,-0.36453,0.0000,0.0000,-0.0001,0.0000,-0.0000,0.4952,0.1001,-0.0480,0.00,0.2884,0.0973,0.1519,0.0852
5.240,detect,0.29554,0.20904,0.84600,-0.37057,-0.15970,-0.36069,0.29482,0.21328,0.84752,-0.37456,-0.15992,-0.36453,0.29482,0.21328,0.84752,-0.37456,-0.15992,-0.36453,0.0000,0.0000,-0.0001,0.0000,-0.0000,0.4951,0.1001,-0.0480,0.00,0.2884,0.0973,0.1519,0.0852
5.260,detect,0.29554,0.20904,0.84600,-0.37057,-0.15970,-0.36069,0.29482,0.21328,0.84752,-0.37456,-0.15992,-0.36453,0.29482,0.21328,0.84752,-0.37456,-0.15992,-0.36452,0.0000,0.0000,-0.0001,0.0000,-0.0000,0.4951,0.1001,-0.0480,0.00,0.2884,0.0973,0.1519,0.0852
5.280,detect,0.29554,0.20904,0.84600,-0.37057,-0.15970,-0.36069,0.29482,0.21328,0.84752,-0.37456,-0.15992,-0.36453,0.29482,0.21328,0.84752,-0.37456,-0.15992,-0.36452,0.0000,0.0000,-0.0001,0.0000,-0.0000,0.4951,0.1001,-0.0480,0.00,0.2884,0.0973,0.1519,0.0852
5.300,detect,0.29554,0.20904,0.84600,-0.37057,-0.15970,-0.36069,0.29482,0.21328,0.84752,-0.37456,-0.15992,-0.36453,0.29482,0.21328,0.84752,-0.37456,-0.15992,-0.36452,0.0000,0.0000,-0.0001,0.0000,-0.0000,0.4951,0.1001,-0.0480,0.00,0.2884,0.0973,0.1519,0.0852
5.320,detect,0.29554,0.20904,0.84600,-0.37057,-0.15970,-0.36069,0.29482,0.21328,0.84752,-0.37456,-0.15992,-0.36452,0.29482,0.21328,0.84752,-0.37456,-0.15992,-0.36452,0.0000,0.0000,-0.0001,0.0000,-0.0000,0.4952,0.1001,-0.0480,0.00,0.2884,0.0973,0.1519,0.0852
5.340,failed,0.29554,0.20904,0.84600,-0.37057,-0.15970,-0.36069,0.29482,0.21328,0.84752,-0.37456,-0.15992,-0.36452,0.29482,0.21328,0.84752,-0.37456,-0.15992,-0.36452,0.0000,0.0000,-0.0001,0.0000,-0.0000,0.4952,0.1001,-0.0480,0.00,0.2884,0.0973,0.1519,0.0852
